datum_zobrazeni;datum;kraj_kod;kraj;body;incidence14_100;incidence14_100_body;incidence_65_14_100;incidence_65_14_100_body;incidence_65_roste;incidence_65_roste_body;simple_r;simple_r_body;pozit_perc_test;pozit_perc_test_body;pozit_perc_test_roste;pozit_perc_test_roste_body
2020-10-01;2020-09-30;CZ010;Hl. m. Praha;41;478.449750300000;13;202.654817900000;10;0;0;0.934809731752;5;0.147620924046;11;1;2
2020-10-01;2020-09-30;CZ020;Středočeský kraj;52;346.607312900000;13;192.709860200000;10;1;2;1.045952782462;10;0.169328419328;15;1;2
2020-10-01;2020-09-30;CZ031;Jihočeský kraj;41;212.084467300000;10;106.954305400000;7;1;2;0.900815217391;5;0.156589513462;15;1;2
2020-10-01;2020-09-30;CZ032;Plzeňský kraj;45;270.046228200000;13;157.907928800000;10;0;0;0.961305925030;5;0.165728580362;15;1;2
2020-10-01;2020-09-30;CZ041;Karlovarský kraj;33;206.676078500000;10;187.776263700000;10;1;2;0.758720930232;0;0.122420262664;11;0;0
2020-10-01;2020-09-30;CZ042;Ústecký kraj;44;209.874964200000;10;122.580125900000;10;1;2;0.940463065049;5;0.173338752286;15;1;2
2020-10-01;2020-09-30;CZ051;Liberecký kraj;44;262.119948600000;13;75.634551600000;7;1;2;0.910472972972;5;0.162594268476;15;1;2
2020-10-01;2020-09-30;CZ052;Královéhradecký kraj;42;187.801256900000;10;101.334092600000;7;1;2;1.123173277661;10;0.122467562030;11;1;2
2020-10-01;2020-09-30;CZ053;Pardubický kraj;40;235.142405600000;10;142.338690600000;10;1;2;0.995184590690;5;0.142201834862;11;1;2
2020-10-01;2020-09-30;CZ063;Kraj Vysočina;57;276.375847600000;13;145.746037500000;10;1;2;1.148040638606;10;0.205775234131;20;1;2
2020-10-01;2020-09-30;CZ064;Jihomoravský kraj;47;244.884810100000;13;145.838571700000;10;1;2;0.961063040791;5;0.185361783287;15;1;2
2020-10-01;2020-09-30;CZ071;Olomoucký kraj;62;253.000324300000;13;131.362889900000;10;1;2;1.234413965087;15;0.223224351747;20;1;2
2020-10-01;2020-09-30;CZ072;Zlínský kraj;62;302.460711800000;13;167.299878800000;10;1;2;1.320051413881;15;0.193810152859;20;1;2
2020-10-01;2020-09-30;CZ080;Moravskoslezský kraj;38;174.754839200000;10;95.503448500000;7;1;2;1.127077223851;10;0.094967465612;7;1;2
2020-10-02;2020-10-01;CZ010;Hl. m. Praha;47;469.841279400000;13;207.432534600000;10;1;2;0.969889064976;5;0.151387720773;15;1;2
2020-10-02;2020-10-01;CZ020;Středočeský kraj;52;350.722417400000;13;207.563764200000;10;1;2;1.075757575757;10;0.169282733955;15;1;2
2020-10-02;2020-10-01;CZ031;Jihočeský kraj;41;218.605366000000;10;108.471387800000;7;1;2;0.962343096234;5;0.161479054528;15;1;2
2020-10-02;2020-10-01;CZ032;Plzeňský kraj;45;270.385269300000;13;142.033586700000;10;0;0;0.974970202622;5;0.172501054407;15;1;2
2020-10-02;2020-10-01;CZ041;Karlovarský kraj;31;212.784731000000;10;204.393632200000;10;0;0;0.777108433734;0;0.126099706744;11;0;0
2020-10-02;2020-10-01;CZ042;Ústecký kraj;44;206.586151600000;10;141.771963800000;10;1;2;0.916135881104;5;0.180392976588;15;1;2
2020-10-02;2020-10-01;CZ051;Liberecký kraj;49;258.513827200000;13;82.308188500000;7;1;2;1.005464480874;10;0.166666666666;15;1;2
2020-10-02;2020-10-01;CZ052;Královéhradecký kraj;47;185.263402100000;10;101.334092600000;7;1;2;1.200421940928;15;0.124753343565;11;1;2
2020-10-02;2020-10-01;CZ053;Pardubický kraj;49;239.160298600000;10;148.937173000000;10;1;2;1.047923322683;10;0.154789995280;15;1;2
2020-10-02;2020-10-01;CZ063;Kraj Vysočina;57;282.064207800000;13;160.128870100000;10;1;2;1.152112676056;10;0.214248297537;20;1;2
2020-10-02;2020-10-01;CZ064;Jihomoravský kraj;57;257.636605700000;13;166.792389500000;10;1;2;1.042272126816;10;0.190625755013;20;1;2
2020-10-02;2020-10-01;CZ071;Olomoucký kraj;67;270.404974500000;13;150.456333200000;10;1;2;1.230149597238;15;0.239042933810;25;1;2
2020-10-02;2020-10-01;CZ072;Zlínský kraj;62;305.722206400000;13;180.486076100000;10;1;2;1.371108343711;15;0.199023861171;20;1;2
2020-10-02;2020-10-01;CZ080;Moravskoslezský kraj;43;183.001135300000;10;107.545187600000;7;1;2;1.231517509727;15;0.101296207393;7;1;2
2020-10-03;2020-10-02;CZ010;Hl. m. Praha;43;473.390385800000;13;215.395395800000;10;1;2;0.961695447409;5;0.148819356719;11;1;2
2020-10-03;2020-10-02;CZ020;Středočeský kraj;52;359.313600500000;13;224.763021500000;10;1;2;1.059373729158;10;0.169430894308;15;1;2
2020-10-03;2020-10-02;CZ031;Jihočeský kraj;46;228.231454600000;10;119.090964200000;7;1;2;1.019444444444;10;0.164352888490;15;1;2
2020-10-03;2020-10-02;CZ032;Plzeňský kraj;47;282.082186900000;13;155.401453700000;10;1;2;0.992882562277;5;0.166302404132;15;1;2
2020-10-03;2020-10-02;CZ041;Karlovarský kraj;38;209.391035200000;10;206.055369000000;10;0;0;0.910000000000;5;0.139427987742;11;1;2
2020-10-03;2020-10-02;CZ042;Ústecký kraj;49;222.908406500000;10;160.344710100000;10;1;2;0.928571428571;5;0.193257956448;20;1;2
2020-10-03;2020-10-02;CZ051;Liberecký kraj;49;267.303748100000;13;94.543189500000;7;1;2;1.074141048824;10;0.183050847457;15;1;2
2020-10-03;2020-10-02;CZ052;Královéhradecký kraj;42;199.221603600000;10;119.758473100000;7;1;2;1.119133574007;10;0.129355309826;11;1;2
2020-10-03;2020-10-02;CZ053;Pardubický kraj;52;252.361947100000;13;154.593015000000;10;1;2;1.090909090909;10;0.161785216178;15;1;2
2020-10-03;2020-10-02;CZ063;Kraj Vysočina;57;301.679243100000;13;186.976824400000;10;1;2;1.155102040816;10;0.217636503460;20;1;2
2020-10-03;2020-10-02;CZ064;Jihomoravský kraj;57;279.784461000000;13;183.136367400000;10;1;2;1.138594164456;10;0.206494287432;20;1;2
2020-10-03;2020-10-02;CZ071;Olomoucký kraj;67;301.258672600000;13;160.384923800000;10;1;2;1.275462962962;15;0.253917050691;25;1;2
2020-10-03;2020-10-02;CZ072;Zlínský kraj;67;344.860141900000;13;210.155020200000;10;1;2;1.554292929292;20;0.222845763939;20;1;2
2020-10-03;2020-10-02;CZ080;Moravskoslezský kraj;50;207.073656000000;10;125.400180200000;10;1;2;1.318018018018;15;0.114448877415;11;1;2
2020-10-04;2020-10-03;CZ010;Hl. m. Praha;43;468.633072900000;13;209.423249900000;10;1;2;0.978825794032;5;0.147491056753;11;1;2
2020-10-04;2020-10-03;CZ020;Středočeský kraj;52;362.923341300000;13;235.708003500000;10;1;2;1.076766856214;10;0.171087447563;15;1;2
2020-10-04;2020-10-03;CZ031;Jihočeský kraj;62;250.123043100000;13;136.537411200000;10;1;2;1.288184438040;15;0.198138297872;20;1;2
2020-10-04;2020-10-03;CZ032;Plzeňský kraj;52;292.253419600000;13;159.578912100000;10;1;2;1.085889570552;10;0.171978235522;15;1;2
2020-10-04;2020-10-03;CZ041;Karlovarský kraj;44;209.391035200000;10;217.687527000000;10;1;2;0.950000000000;5;0.153721682847;15;1;2
2020-10-04;2020-10-03;CZ042;Ústecký kraj;54;237.768967000000;10;186.965646600000;10;1;2;1.113561190738;10;0.209456656988;20;1;2
2020-10-04;2020-10-03;CZ051;Liberecký kraj;59;276.544434100000;13;115.676373100000;7;1;2;1.204262877442;15;0.192668371696;20;1;2
2020-10-04;2020-10-03;CZ052;Královéhradecký kraj;42;190.157836400000;10;119.758473100000;7;1;2;1.101532567049;10;0.120292887029;11;1;2
2020-10-04;2020-10-03;CZ053;Pardubický kraj;52;249.683351700000;13;167.789979700000;10;1;2;1.079491255961;10;0.163103531107;15;1;2
2020-10-04;2020-10-03;CZ063;Kraj Vysočina;57;308.348355100000;13;199.441946000000;10;1;2;1.166441136671;10;0.223663725998;20;1;2
2020-10-04;2020-10-03;CZ064;Jihomoravský kraj;57;274.918644300000;13;198.223116200000;10;1;2;1.194444444444;10;0.210960871126;20;1;2
2020-10-04;2020-10-03;CZ071;Olomoucký kraj;67;304.264930400000;13;162.676137000000;10;1;2;1.248815165876;15;0.244661095636;25;1;2
2020-10-04;2020-10-03;CZ072;Zlínský kraj;72;363.399164000000;13;223.341217500000;10;1;2;1.479729729729;20;0.232401839405;25;1;2
2020-10-04;2020-10-03;CZ080;Moravskoslezský kraj;55;216.569390900000;10;142.009475600000;10;1;2;1.412398921832;20;0.118793924280;11;1;2
2020-10-05;2020-10-04;CZ010;Hl. m. Praha;55;483.660140500000;16;220.969398700000;10;1;2;1.084540249242;10;0.159745993947;15;1;2
2020-10-05;2020-10-04;CZ020;Středočeský kraj;55;372.308667400000;13;240.789602200000;13;1;2;1.130289065772;10;0.182630474514;15;1;2
2020-10-05;2020-10-04;CZ031;Jihočeský kraj;62;253.072973500000;13;141.088658200000;10;1;2;1.453674121405;20;0.189504373177;15;1;2
2020-10-05;2020-10-04;CZ032;Plzeňský kraj;52;302.424652300000;13;164.591862300000;10;1;2;1.192648922686;10;0.183968719452;15;1;2
2020-10-05;2020-10-04;CZ041;Karlovarský kraj;49;212.105991900000;10;216.025790100000;10;1;2;1.177536231884;10;0.175485961123;15;1;2
2020-10-05;2020-10-04;CZ042;Ústecký kraj;57;242.519474000000;13;188.822921200000;10;1;2;1.142038946162;10;0.212806830309;20;1;2
2020-10-05;2020-10-04;CZ051;Liberecký kraj;67;294.575041100000;13;130.135919700000;10;1;2;1.428030303030;20;0.207713498622;20;1;2
2020-10-05;2020-10-04;CZ052;Královéhradecký kraj;35;188.888909000000;10;119.758473100000;7;1;2;0.966336633663;5;0.112702078521;11;0;0
2020-10-05;2020-10-04;CZ053;Pardubický kraj;52;254.466557700000;13;173.445821700000;10;1;2;1.149501661129;10;0.166787177633;15;1;2
2020-10-05;2020-10-04;CZ063;Kraj Vysočina;57;316.978970700000;13;207.112790100000;10;1;2;1.145643693107;10;0.228890620940;20;1;2
2020-10-05;2020-10-04;CZ064;Jihomoravský kraj;62;278.693847000000;13;205.766490600000;10;1;2;1.285613040396;15;0.213965557914;20;1;2
2020-10-05;2020-10-04;CZ071;Olomoucký kraj;62;303.632034000000;13;164.967350200000;10;1;2;1.140540540540;10;0.250059255747;25;1;2
2020-10-05;2020-10-04;CZ072;Zlínský kraj;72;367.175631400000;13;225.813629500000;10;1;2;1.413431269674;20;0.235283842794;25;1;2
2020-10-05;2020-10-04;CZ080;Moravskoslezský kraj;60;232.895391100000;10;165.677721500000;10;1;2;1.635305528612;25;0.126852757505;11;1;2
2020-10-06;2020-10-05;CZ010;Hl. m. Praha;55;494.685024300000;16;236.098835000000;10;1;2;1.145812479145;10;0.165693606755;15;1;2
2020-10-06;2020-10-05;CZ020;Středočeský kraj;55;382.704721000000;13;261.506889400000;13;1;2;1.144296654574;10;0.185616214449;15;1;2
2020-10-06;2020-10-05;CZ031;Jihočeský kraj;62;257.264979800000;13;152.466775800000;10;1;2;1.452488687782;20;0.183813704905;15;1;2
2020-10-06;2020-10-05;CZ032;Plzeňský kraj;67;333.955473700000;13;181.301696000000;10;1;2;1.452830188679;20;0.204605845881;20;1;2
2020-10-06;2020-10-05;CZ041;Karlovarský kraj;54;216.517796500000;10;227.657948000000;10;1;2;1.295019157088;15;0.182112068965;15;1;2
2020-10-06;2020-10-05;CZ042;Ústecký kraj;62;244.224784200000;13;191.299287400000;10;1;2;1.287221570926;15;0.218203497615;20;1;2
2020-10-06;2020-10-05;CZ051;Liberecký kraj;67;304.942640100000;13;145.707739100000;10;1;2;1.465677179962;20;0.200355059599;20;1;2
2020-10-06;2020-10-05;CZ052;Královéhradecký kraj;59;232.757542400000;10;163.307008800000;10;1;2;1.416356877323;20;0.160454832596;15;1;2
2020-10-06;2020-10-05;CZ053;Pardubický kraj;57;269.772816800000;13;190.413347700000;10;1;2;1.259677419354;15;0.178882272102;15;1;2
2020-10-06;2020-10-05;CZ063;Kraj Vysočina;62;325.805736600000;13;234.919599900000;10;1;2;1.165613147914;10;0.241740954378;25;1;2
2020-10-06;2020-10-05;CZ064;Jihomoravský kraj;62;288.341587000000;13;222.110468500000;10;1;2;1.261093247588;15;0.215423486762;20;1;2
2020-10-06;2020-10-05;CZ071;Olomoucký kraj;72;331.954146600000;13;195.516859500000;10;1;2;1.266666666666;15;0.261195584253;30;1;2
2020-10-06;2020-10-05;CZ072;Zlínský kraj;70;397.559028700000;13;247.241200200000;13;1;2;1.390457643622;15;0.252922422954;25;1;2
2020-10-06;2020-10-05;CZ080;Moravskoslezský kraj;63;251.970156700000;13;190.591664600000;10;1;2;1.658282740676;25;0.132538472202;11;1;2
2020-10-07;2020-10-06;CZ010;Hl. m. Praha;63;518.018511200000;16;254.413415800000;13;1;2;1.271568627450;15;0.180909429049;15;1;2
2020-10-07;2020-10-06;CZ020;Středočeský kraj;65;398.515385700000;13;277.924362300000;13;1;2;1.225743348982;15;0.195409467972;20;1;2
2020-10-07;2020-10-06;CZ031;Jihočeský kraj;72;287.074802400000;13;176.740093400000;10;1;2;1.772463768115;25;0.204037370704;20;1;2
2020-10-07;2020-10-06;CZ032;Plzeňský kraj;67;343.448624200000;13;184.643662700000;10;1;2;1.512224938875;20;0.201170922101;20;1;2
2020-10-07;2020-10-06;CZ041;Karlovarský kraj;67;222.965818600000;10;247.598790200000;13;1;2;1.476744186046;20;0.191553544494;20;1;2
2020-10-07;2020-10-06;CZ042;Ústecký kraj;62;251.776872300000;13;195.013836600000;10;1;2;1.383545770567;15;0.222595078299;20;1;2
2020-10-07;2020-10-06;CZ051;Liberecký kraj;72;342.356149500000;13;170.177741100000;10;1;2;1.795289855072;25;0.225791752107;20;1;2
2020-10-07;2020-10-06;CZ052;Královéhradecký kraj;62;254.148033000000;13;185.081276600000;10;1;2;1.576449912126;20;0.177202686685;15;1;2
2020-10-07;2020-10-06;CZ053;Pardubický kraj;57;265.946252000000;13;190.413347700000;10;1;2;1.201219512195;15;0.162910895182;15;1;2
2020-10-07;2020-10-06;CZ063;Kraj Vysočina;70;347.774576100000;13;260.808698700000;13;1;2;1.227383863080;15;0.237128011336;25;1;2
2020-10-07;2020-10-06;CZ064;Jihomoravský kraj;75;311.999523400000;13;240.130751800000;13;1;2;1.462610899873;20;0.238479024591;25;1;2
2020-10-07;2020-10-06;CZ071;Olomoucký kraj;72;356.320656900000;13;207.736663200000;10;1;2;1.241347053320;15;0.263712241653;30;1;2
2020-10-07;2020-10-06;CZ072;Zlínský kraj;75;429.659002100000;13;265.372221600000;13;1;2;1.407811080835;20;0.255480468106;25;1;2
2020-10-07;2020-10-06;CZ080;Moravskoslezský kraj;63;269.878779400000;13;212.598981000000;10;1;2;1.744865718799;25;0.148494218876;11;1;2
2020-10-08;2020-10-07;CZ010;Hl. m. Praha;68;544.372514200000;16;275.116854900000;13;1;2;1.375122428991;15;0.191777079633;20;1;2
2020-10-08;2020-10-07;CZ020;Středočeský kraj;65;435.045962800000;13;298.250757300000;13;1;2;1.360844529750;15;0.214952704341;20;1;2
2020-10-08;2020-10-07;CZ031;Jihočeský kraj;72;318.437220000000;13;196.462163900000;10;1;2;1.891008174386;25;0.218823900362;20;1;2
2020-10-08;2020-10-07;CZ032;Plzeňský kraj;72;366.503418300000;13;198.847021400000;10;1;2;1.633213859020;25;0.214700801005;20;1;2
2020-10-08;2020-10-07;CZ041;Karlovarský kraj;75;244.685472200000;13;270.863106100000;13;1;2;1.684981684981;25;0.211688909341;20;1;2
2020-10-08;2020-10-07;CZ042;Ústecký kraj;72;272.727826300000;13;214.205674500000;10;1;2;1.501625135427;20;0.246970776906;25;1;2
2020-10-08;2020-10-07;CZ051;Liberecký kraj;77;362.865964900000;13;196.872288800000;10;1;2;1.803030303030;25;0.235281195079;25;1;2
2020-10-08;2020-10-07;CZ052;Královéhradecký kraj;67;271.187915400000;13;194.293466800000;10;1;2;1.545161290322;20;0.192872961546;20;1;2
2020-10-08;2020-10-07;CZ053;Pardubický kraj;57;282.591808800000;13;198.897110800000;10;1;2;1.231321839080;15;0.179438860971;15;1;2
2020-10-08;2020-10-07;CZ063;Kraj Vysočina;70;368.762663900000;13;272.314964800000;13;1;2;1.282685512367;15;0.244664120422;25;1;2
2020-10-08;2020-10-07;CZ064;Jihomoravský kraj;75;342.285037800000;13;275.333165700000;13;1;2;1.470588235294;20;0.246654293249;25;1;2
2020-10-08;2020-10-07;CZ071;Olomoucký kraj;67;386.225010400000;13;235.231221500000;10;1;2;1.316696914700;15;0.258922198429;25;1;2
2020-10-08;2020-10-07;CZ072;Zlínský kraj;75;471.543459400000;13;295.041165600000;13;1;2;1.397238017871;15;0.264982283161;30;1;2
2020-10-08;2020-10-07;CZ080;Moravskoslezský kraj;70;304.030106400000;13;249.969895600000;13;1;2;1.706766917293;25;0.161450924608;15;1;2
2020-10-09;2020-10-08;CZ010;Hl. m. Praha;68;553.132010900000;16;293.829578800000;13;1;2;1.397902327105;15;0.195543533079;20;1;2
2020-10-09;2020-10-08;CZ020;Středočeský kraj;65;448.474198600000;13;306.850386000000;13;1;2;1.379102225575;15;0.222452083967;20;1;2
2020-10-09;2020-10-08;CZ031;Jihočeský kraj;77;358.959947700000;13;219.976940300000;10;1;2;1.814317673378;25;0.250385921580;25;1;2
2020-10-09;2020-10-08;CZ032;Plzeňský kraj;72;393.796226100000;13;210.543905000000;10;1;2;1.700564971751;25;0.221128416103;20;1;2
2020-10-09;2020-10-08;CZ041;Karlovarský kraj;75;243.327993900000;13;272.524842900000;13;1;2;1.610526315789;25;0.217226691907;20;1;2
2020-10-09;2020-10-08;CZ042;Ústecký kraj;72;293.922396200000;13;221.634773100000;10;1;2;1.534653465346;20;0.258075258075;25;1;2
2020-10-09;2020-10-08;CZ051;Liberecký kraj;77;388.108814700000;13;218.005472300000;10;1;2;1.725663716814;25;0.239263803680;25;1;2
2020-10-09;2020-10-08;CZ052;Královéhradecký kraj;72;297.472840400000;13;201.830713400000;10;1;2;1.864347826086;25;0.204619202137;20;1;2
2020-10-09;2020-10-08;CZ053;Pardubický kraj;67;316.265578900000;13;219.635198100000;10;1;2;1.468335787923;20;0.196337140606;20;1;2
2020-10-09;2020-10-08;CZ063;Kraj Vysočina;80;402.892825400000;13;330.805150900000;13;1;2;1.433874709976;20;0.266954643628;30;1;2
2020-10-09;2020-10-08;CZ064;Jihomoravský kraj;75;353.526752300000;13;284.552845500000;13;1;2;1.495178672716;20;0.247744360902;25;1;2
2020-10-09;2020-10-08;CZ071;Olomoucký kraj;80;419.452069900000;13;261.962042200000;13;1;2;1.500948766603;20;0.271774609173;30;1;2
2020-10-09;2020-10-08;CZ072;Zlínský kraj;83;518.577645000000;16;324.710109600000;13;1;2;1.461187214611;20;0.278988666085;30;1;2
2020-10-09;2020-10-08;CZ080;Moravskoslezský kraj;70;333.350270100000;13;281.942789200000;13;1;2;1.740458015267;25;0.170562932485;15;1;2
2020-10-10;2020-10-09;CZ010;Hl. m. Praha;73;615.128103800000;16;344.393747500000;13;1;2;1.578571428571;20;0.222811554815;20;1;2
2020-10-10;2020-10-09;CZ020;Středočeský kraj;78;496.411556600000;16;343.985146000000;13;1;2;1.583024462564;20;0.247752189802;25;1;2
2020-10-10;2020-10-09;CZ031;Jihočeský kraj;90;417.026998000000;13;254.869834300000;13;1;2;2.145054945054;30;0.292829282928;30;1;2
2020-10-10;2020-10-09;CZ032;Plzeňský kraj;77;426.852732400000;13;233.937672300000;10;1;2;1.786397449521;25;0.238068262285;25;1;2
2020-10-10;2020-10-09;CZ041;Karlovarský kraj;70;259.617734000000;13;292.465685100000;13;1;2;1.513846153846;20;0.222624434389;20;1;2
2020-10-10;2020-10-09;CZ042;Ústecký kraj;82;324.130748500000;13;229.682963200000;10;1;2;1.743229689067;25;0.280187006287;30;1;2
2020-10-10;2020-10-09;CZ051;Liberecký kraj;85;442.876783300000;13;265.833203500000;13;1;2;1.818302387267;25;0.261341974837;30;1;2
2020-10-10;2020-10-09;CZ052;Královéhradecký kraj;82;340.072546300000;13;227.792340400000;10;1;2;2.573770491803;30;0.240843720038;25;1;2
2020-10-10;2020-10-09;CZ053;Pardubický kraj;75;361.801699700000;13;248.857048500000;13;1;2;1.726878612716;25;0.226884374406;20;1;2
2020-10-10;2020-10-09;CZ063;Kraj Vysočina;85;463.110983800000;13;366.282804800000;13;1;2;1.716231555051;25;0.308571428571;30;1;2
2020-10-10;2020-10-09;CZ064;Jihomoravský kraj;85;408.644710600000;13;326.041404700000;13;1;2;1.738699007717;25;0.280056828272;30;1;2
2020-10-10;2020-10-09;CZ071;Olomoucký kraj;88;484.640396100000;16;309.313781600000;13;1;2;1.858767772511;25;0.314111805221;30;1;2
2020-10-10;2020-10-09;CZ072;Zlínský kraj;88;601.316613800000;16;383.223860400000;13;1;2;1.686711210096;25;0.316743343092;30;1;2
2020-10-10;2020-10-09;CZ080;Moravskoslezský kraj;80;394.656066900000;13;321.805098200000;13;1;2;1.942467378410;30;0.196072561815;20;1;2
2020-10-11;2020-10-10;CZ010;Hl. m. Praha;78;628.493887600000;16;355.939896300000;13;1;2;1.535235876528;20;0.233791574279;25;1;2
2020-10-11;2020-10-10;CZ020;Středočeský kraj;88;530.343120300000;16;370.174924200000;13;1;2;1.653751320887;25;0.262144053601;30;1;2
2020-10-11;2020-10-10;CZ031;Jihočeský kraj;90;445.750004200000;13;274.591904800000;13;1;2;2.052959501557;30;0.281985451433;30;1;2
2020-10-11;2020-10-10;CZ032;Plzeňský kraj;75;456.688348300000;13;255.660456100000;13;1;2;1.566233766233;20;0.248114113290;25;1;2
2020-10-11;2020-10-10;CZ041;Karlovarský kraj;70;263.350799500000;13;297.450895600000;13;1;2;1.452662721893;20;0.216394887615;20;1;2
2020-10-11;2020-10-10;CZ042;Ústecký kraj;85;353.730061500000;13;248.255709500000;13;1;2;1.724954462659;25;0.296030009377;30;1;2
2020-10-11;2020-10-10;CZ051;Liberecký kraj;85;475.557258400000;13;315.885480300000;13;1;2;1.812658227848;25;0.272398706486;30;1;2
2020-10-11;2020-10-10;CZ052;Královéhradecký kraj;90;380.678223500000;13;264.641101400000;13;1;2;2.001312335958;30;0.261892495277;30;1;2
2020-10-11;2020-10-10;CZ053;Pardubický kraj;80;375.768661100000;13;259.226092200000;13;1;2;1.645326504481;25;0.237172388335;25;1;2
2020-10-11;2020-10-10;CZ063;Kraj Vysočina;88;486.649026200000;16;390.254192500000;13;1;2;1.755965292841;25;0.317388747304;30;1;2
2020-10-11;2020-10-10;CZ064;Jihomoravský kraj;85;429.953632100000;13;337.356466300000;13;1;2;1.714431412544;25;0.289627842866;30;1;2
2020-10-11;2020-10-10;CZ071;Olomoucký kraj;88;496.032530800000;16;307.786306100000;13;1;2;1.659489633173;25;0.318780637254;30;1;2
2020-10-11;2020-10-10;CZ072;Zlínský kraj;88;630.155092600000;16;404.651431100000;13;1;2;1.650560224089;25;0.318987684395;30;1;2
2020-10-11;2020-10-10;CZ080;Moravskoslezský kraj;75;421.810536700000;13;339.660090700000;13;1;2;1.826359832635;25;0.200805060379;20;1;2
2020-10-12;2020-10-11;CZ010;Hl. m. Praha;68;635.667613300000;16;370.273046500000;13;1;2;1.335903366743;15;0.225138600138;20;1;2
2020-10-12;2020-10-11;CZ020;Středočeský kraj;83;540.450394500000;16;377.210984000000;13;1;2;1.528247685924;20;0.263903433831;30;1;2
2020-10-12;2020-10-11;CZ031;Jihočeský kraj;85;457.704985200000;13;286.728563600000;13;1;2;1.666394112837;25;0.295833938162;30;1;2
2020-10-12;2020-10-11;CZ032;Plzeňský kraj;75;478.386978100000;13;271.534798200000;13;1;2;1.520614389652;20;0.246656176239;25;1;2
2020-10-12;2020-10-11;CZ041;Karlovarský kraj;65;280.658648400000;13;312.406527300000;13;1;2;1.317585301837;15;0.220562390158;20;1;2
2020-10-12;2020-10-11;CZ042;Ústecký kraj;85;362.622036200000;13;261.875723500000;13;1;2;1.658291457286;25;0.297297297297;30;1;2
2020-10-12;2020-10-11;CZ051;Liberecký kraj;83;505.758525000000;16;349.253664900000;13;1;2;1.503531786074;20;0.277312488367;30;1;2
2020-10-12;2020-10-11;CZ052;Královéhradecký kraj;85;383.759904400000;13;272.178348000000;13;1;2;1.816053511705;25;0.268545994065;30;1;2
2020-10-12;2020-10-11;CZ053;Pardubický kraj;80;389.544294400000;13;271.480416600000;13;1;2;1.705583756345;25;0.243125904486;25;1;2
2020-10-12;2020-10-11;CZ063;Kraj Vysočina;88;504.891009000000;16;394.089614600000;13;1;2;1.686254980079;25;0.319132893496;30;1;2
2020-10-12;2020-10-11;CZ064;Jihomoravský kraj;80;443.041001200000;13;349.090604300000;13;1;2;1.502166377816;20;0.294387365203;30;1;2
2020-10-12;2020-10-11;CZ071;Olomoucký kraj;88;506.475320900000;16;319.242372100000;13;1;2;1.617181612660;25;0.319107806691;30;1;2
2020-10-12;2020-10-11;CZ072;Zlínský kraj;88;678.219223900000;16;454.923808500000;13;1;2;1.680000000000;25;0.326234026559;30;1;2
2020-10-12;2020-10-11;CZ080;Moravskoslezský kraj;75;456.045159700000;13;368.311125300000;13;1;2;1.715255771842;25;0.208553500660;20;1;2
2020-10-13;2020-10-12;CZ010;Hl. m. Praha;68;664.891106600000;16;400.930062100000;13;1;2;1.275166191832;15;0.225085910652;20;1;2
2020-10-13;2020-10-12;CZ020;Středočeský kraj;83;567.595645400000;16;395.582918000000;13;1;2;1.416925246826;20;0.271103195164;30;1;2
2020-10-13;2020-10-12;CZ031;Jihočeský kraj;80;472.920415500000;13;292.038351800000;13;1;2;1.500720461095;20;0.303954472493;30;1;2
2020-10-13;2020-10-12;CZ032;Plzeňský kraj;78;521.106155400000;16;312.473890800000;13;1;2;1.403803950256;20;0.247325686299;25;1;2
2020-10-13;2020-10-12;CZ041;Karlovarský kraj;60;297.287758200000;13;327.362158900000;13;1;2;1.169565217391;10;0.223236514522;20;1;2
2020-10-13;2020-10-12;CZ042;Ústecký kraj;80;382.354911500000;13;287.877568400000;13;1;2;1.472582972582;20;0.294049848724;30;1;2
2020-10-13;2020-10-12;CZ051;Liberecký kraj;83;532.804435500000;16;374.835939700000;13;1;2;1.469654528478;20;0.285818049754;30;1;2
2020-10-13;2020-10-12;CZ052;Královéhradecký kraj;80;417.114567800000;13;309.027108900000;13;1;2;1.606471816283;25;0.251923391717;25;1;2
2020-10-13;2020-10-12;CZ053;Pardubický kraj;80;413.460324200000;13;290.333223300000;13;1;2;1.610268378063;25;0.248738284066;25;1;2
2020-10-13;2020-10-12;CZ063;Kraj Vysočina;88;569.032174500000;16;447.785523100000;13;1;2;1.817263544536;25;0.330218588353;30;1;2
2020-10-13;2020-10-12;CZ064;Jihomoravský kraj;75;460.239146500000;13;370.044422000000;13;1;2;1.396039603960;15;0.288579615227;30;1;2
2020-10-13;2020-10-12;CZ071;Olomoucký kraj;83;554.417221100000;16;351.319356900000;13;1;2;1.550654720882;20;0.323415265200;30;1;2
2020-10-13;2020-10-12;CZ072;Zlínský kraj;86;700.706371000000;16;482.944477800000;16;1;2;1.543023255813;20;0.321853019645;30;1;2
2020-10-13;2020-10-12;CZ080;Moravskoslezský kraj;73;480.617455900000;16;380.352864400000;13;1;2;1.545054064877;20;0.211432016221;20;1;2
2020-10-14;2020-10-13;CZ010;Hl. m. Praha;73;724.244247900000;16;445.123941900000;13;1;2;1.336459554513;15;0.231584934790;25;1;2
2020-10-14;2020-10-13;CZ020;Středočeský kraj;83;631.488057800000;16;449.916935400000;13;1;2;1.535557986870;20;0.285772461186;30;1;2
2020-10-14;2020-10-13;CZ031;Jihočeský kraj;83;562.039364400000;16;378.512045600000;13;1;2;1.477805178791;20;0.328851694333;30;1;2
2020-10-14;2020-10-13;CZ032;Plzeňský kraj;83;593.660948700000;16;351.742000100000;13;1;2;1.504983388704;20;0.265036274280;30;1;2
2020-10-14;2020-10-13;CZ041;Karlovarský kraj;70;335.636521500000;13;357.273422100000;13;1;2;1.324618736383;15;0.252282157676;25;1;2
2020-10-14;2020-10-13;CZ042;Ústecký kraj;80;427.423824400000;13;318.832145700000;13;1;2;1.493548387096;20;0.309409248863;30;1;2
2020-10-14;2020-10-13;CZ051;Liberecký kraj;83;611.012193100000;16;421.551398100000;13;1;2;1.470085470085;20;0.293465278962;30;1;2
2020-10-14;2020-10-13;CZ052;Královéhradecký kraj;88;484.367720600000;16;342.525982500000;13;1;2;1.655783582089;25;0.272490021492;30;1;2
2020-10-14;2020-10-13;CZ053;Pardubický kraj;88;485.973726800000;16;345.949003100000;13;1;2;1.757271815446;25;0.291271820448;30;1;2
2020-10-14;2020-10-13;CZ063;Kraj Vysočina;91;621.404318800000;16;497.646009700000;16;1;2;1.750809061488;25;0.348133848133;30;1;2
2020-10-14;2020-10-13;CZ064;Jihomoravský kraj;83;530.206235100000;16;410.694828500000;13;1;2;1.522003034901;20;0.305909264201;30;1;2
2020-10-14;2020-10-13;CZ071;Olomoucký kraj;83;576.093921800000;16;368.885324700000;13;1;2;1.462705436156;20;0.299740932642;30;1;2
2020-10-14;2020-10-13;CZ072;Zlínský kraj;86;762.674768900000;16;510.965147200000;16;1;2;1.506770833333;20;0.336473598511;30;1;2
2020-10-14;2020-10-13;CZ080;Moravskoslezský kraj;73;521.765640200000;16;409.003899000000;13;1;2;1.482090643274;20;0.214641117933;20;1;2
2020-10-15;2020-10-14;CZ010;Hl. m. Praha;76;781.860592600000;16;489.715964700000;16;1;2;1.208341530592;15;0.239790739439;25;1;2
2020-10-15;2020-10-14;CZ020;Středočeský kraj;78;685.201001100000;16;468.288869300000;13;1;2;1.392179817372;15;0.282255767587;30;1;2
2020-10-15;2020-10-14;CZ031;Jihočeský kraj;83;639.824370400000;16;424.024516000000;13;1;2;1.400102459016;20;0.345861807137;30;1;2
2020-10-15;2020-10-14;CZ032;Plzeňský kraj;83;662.316769400000;16;405.213468100000;13;1;2;1.511005353955;20;0.272473718086;30;1;2
2020-10-15;2020-10-14;CZ041;Karlovarský kraj;70;361.767979800000;13;393.831632800000;13;1;2;1.231707317073;15;0.244354838709;25;1;2
2020-10-15;2020-10-14;CZ042;Ústecký kraj;83;488.936799900000;16;389.408581800000;13;1;2;1.512082853855;20;0.325852448853;30;1;2
2020-10-15;2020-10-14;CZ051;Liberecký kraj;78;672.767022000000;16;464.930038000000;13;1;2;1.396061269146;15;0.305165816326;30;1;2
2020-10-15;2020-10-14;CZ052;Královéhradecký kraj;88;551.802148800000;16;365.137722200000;13;1;2;1.660828025477;25;0.282809110629;30;1;2
2020-10-15;2020-10-14;CZ053;Pardubický kraj;88;537.823679500000;16;365.744450200000;13;1;2;1.635146443514;25;0.300199723459;30;1;2
2020-10-15;2020-10-14;CZ063;Kraj Vysočina;91;694.568400500000;16;560.930473300000;16;1;2;1.621693121693;25;0.371627765989;30;1;2
2020-10-15;2020-10-14;CZ064;Jihomoravský kraj;78;574.585839200000;16;441.287402500000;13;1;2;1.370957514267;15;0.317008797653;30;1;2
2020-10-15;2020-10-14;CZ071;Olomoucký kraj;78;648.560556300000;16;429.220605600000;13;1;2;1.350331463539;15;0.327682217547;30;1;2
2020-10-15;2020-10-14;CZ072;Zlínský kraj;86;862.751156500000;16;568.654760600000;16;1;2;1.455105633802;20;0.355789926818;30;1;2
2020-10-15;2020-10-14;CZ080;Moravskoslezský kraj;68;583.571212500000;16;440.561560200000;13;1;2;1.376793893129;15;0.218894121073;20;1;2
2020-10-16;2020-10-15;CZ010;Hl. m. Praha;76;818.786401900000;16;501.262113500000;16;1;2;1.247723823975;15;0.245649413697;25;1;2
2020-10-16;2020-10-15;CZ020;Středočeský kraj;81;732.127631700000;16;495.260431900000;16;1;2;1.381256656017;15;0.290728951851;30;1;2
2020-10-16;2020-10-15;CZ031;Jihočeský kraj;86;720.714566200000;16;491.534680500000;16;1;2;1.527567020738;20;0.347405958817;30;1;2
2020-10-16;2020-10-15;CZ032;Plzeňský kraj;86;743.686631100000;16;492.104603500000;16;1;2;1.593145384190;20;0.283048516990;30;1;2
2020-10-16;2020-10-15;CZ041;Karlovarský kraj;75;390.953764200000;13;408.787264400000;13;1;2;1.411405295315;20;0.256286982248;25;1;2
2020-10-16;2020-10-15;CZ042;Ústecký kraj;83;541.557800800000;16;406.124053500000;13;1;2;1.529039070749;20;0.337411161598;30;1;2
2020-10-16;2020-10-15;CZ051;Liberecký kraj;86;758.637787600000;16;523.880497400000;16;1;2;1.533519553072;20;0.323941584304;30;1;2
2020-10-16;2020-10-15;CZ052;Královéhradecký kraj;83;614.160867300000;16;396.961652100000;13;1;2;1.518688524590;20;0.304897314375;30;1;2
2020-10-16;2020-10-15;CZ053;Pardubický kraj;88;590.821601700000;16;413.819107300000;13;1;2;1.627237354085;25;0.306373626373;30;1;2
2020-10-16;2020-10-15;CZ063;Kraj Vysočina;86;697.510655800000;16;560.930473300000;16;1;2;1.432983323038;20;0.361821584529;30;1;2
2020-10-16;2020-10-15;CZ064;Jihomoravský kraj;83;626.851422200000;16;471.460900100000;13;1;2;1.438429506246;20;0.334810301855;30;1;2
2020-10-16;2020-10-15;CZ071;Olomoucký kraj;83;749.032855200000;16;465.880016800000;13;1;2;1.514656415185;20;0.364014320360;30;1;2
2020-10-16;2020-10-15;CZ072;Zlínský kraj;90;961.969256100000;20;633.761610000000;16;1;2;1.563003818413;20;0.368473694738;30;1;2
2020-10-16;2020-10-15;CZ080;Moravskoslezský kraj;76;641.211988900000;16;480.423869200000;16;1;2;1.420962199312;20;0.228316385220;20;1;2
2020-10-17;2020-10-16;CZ010;Hl. m. Praha;76;879.121211000000;16;543.067134800000;16;1;2;1.261831473643;15;0.236454089909;25;1;2
2020-10-17;2020-10-16;CZ020;Středočeský kraj;86;798.185888600000;16;541.776605100000;16;1;2;1.417084377610;20;0.284069499685;30;1;2
2020-10-17;2020-10-16;CZ031;Jihočeský kraj;86;795.860160800000;16;533.254445000000;16;1;2;1.557409224730;20;0.337264902773;30;1;2
2020-10-17;2020-10-16;CZ032;Plzeňský kraj;91;854.044505900000;16;570.640822100000;16;1;2;1.784688995215;25;0.297923322683;30;1;2
2020-10-17;2020-10-16;CZ041;Karlovarský kraj;85;453.737137800000;13;435.375054000000;13;1;2;1.683266932270;25;0.299964501242;30;1;2
2020-10-17;2020-10-16;CZ042;Ústecký kraj;83;584.434171900000;16;422.839525200000;13;1;2;1.545454545454;20;0.333478639930;30;1;2
2020-10-17;2020-10-16;CZ051;Liberecký kraj;86;816.335729900000;16;572.820501400000;16;1;2;1.510738255033;20;0.308482938193;30;1;2
2020-10-17;2020-10-16;CZ052;Královéhradecký kraj;88;717.125263000000;16;445.535018800000;13;1;2;1.657458563535;25;0.315568022440;30;1;2
2020-10-17;2020-10-16;CZ053;Pardubický kraj;88;660.082424200000;16;476.976009800000;13;1;2;1.677827380952;25;0.312716682845;30;1;2
2020-10-17;2020-10-16;CZ063;Kraj Vysočina;86;783.816811200000;16;633.803492100000;16;1;2;1.467217956290;20;0.362310385064;30;1;2
2020-10-17;2020-10-16;CZ064;Jihomoravský kraj;86;684.486182300000;16;503.310703200000;16;1;2;1.443611191231;20;0.326143620487;30;1;2
2020-10-17;2020-10-16;CZ071;Olomoucký kraj;86;831.625831600000;16;534.616412700000;16;1;2;1.535414725069;20;0.356100724089;30;1;2
2020-10-17;2020-10-16;CZ072;Zlínský kraj;90;1049.171322800000;20;675.792614000000;16;1;2;1.474654377880;20;0.358844967760;30;1;2
2020-10-17;2020-10-16;CZ080;Moravskoslezský kraj;71;688.274183500000;16;507.829206600000;16;1;2;1.316442333069;15;0.224512760498;20;1;2
2020-10-18;2020-10-17;CZ010;Hl. m. Praha;76;929.488317000000;16;572.131578300000;16;1;2;1.310184323217;15;0.235044590667;25;1;2
2020-10-18;2020-10-17;CZ020;Středočeský kraj;86;856.374910500000;16;578.911365100000;16;1;2;1.426836551861;20;0.284314503332;30;1;2
2020-10-18;2020-10-17;CZ031;Jihočeský kraj;91;849.890464400000;16;555.252139000000;16;1;2;1.678828612578;25;0.353054013124;30;1;2
2020-10-18;2020-10-17;CZ032;Plzeňský kraj;96;949.315052200000;16;654.189990800000;16;1;2;1.975508077123;30;0.323133310603;30;1;2
2020-10-18;2020-10-17;CZ041;Karlovarský kraj;88;487.334727000000;16;463.624580400000;13;1;2;1.756505576208;25;0.321210061182;30;1;2
2020-10-18;2020-10-17;CZ042;Ústecký kraj;83;597.589422200000;16;429.649532200000;13;1;2;1.475747182753;20;0.326256499133;30;1;2
2020-10-18;2020-10-17;CZ051;Liberecký kraj;86;870.652933300000;16;612.862322800000;16;1;2;1.544472681067;20;0.304255319148;30;1;2
2020-10-18;2020-10-17;CZ052;Královéhradecký kraj;96;830.966179400000;16;504.995519500000;16;1;2;1.987654320987;30;0.329137077684;30;1;2
2020-10-18;2020-10-17;CZ053;Pardubický kraj;91;708.105812100000;16;493.943535800000;16;1;2;1.750724637681;25;0.316810910044;30;1;2
2020-10-18;2020-10-17;CZ063;Kraj Vysočina;86;878.361281400000;16;723.935910000000;16;1;2;1.444669024759;20;0.374705111402;30;1;2
2020-10-18;2020-10-17;CZ064;Jihomoravský kraj;86;735.745044600000;16;532.226971700000;16;1;2;1.534184397163;20;0.334115902631;30;1;2
2020-10-18;2020-10-17;CZ071;Olomoucký kraj;91;909.472085300000;16;618.627563200000;16;1;2;1.629777777777;25;0.366004591276;30;1;2
2020-10-18;2020-10-17;CZ072;Zlínský kraj;95;1135.858416800000;20;725.240854100000;16;1;2;1.605124340617;25;0.368575878179;30;1;2
2020-10-18;2020-10-17;CZ080;Moravskoslezský kraj;71;717.094571600000;16;523.608037200000;16;1;2;1.326334888543;15;0.226195738661;20;1;2
2020-10-19;2020-10-18;CZ010;Hl. m. Praha;76;941.343842700000;16;582.881440900000;16;1;2;1.275087719298;15;0.237663908963;25;1;2
2020-10-19;2020-10-18;CZ020;Středočeský kraj;81;882.004070300000;16;588.683670400000;16;1;2;1.323298895618;15;0.283279313632;30;1;2
2020-10-19;2020-10-18;CZ031;Jihočeský kraj;86;874.887242700000;16;574.974209600000;16;1;2;1.500625782227;20;0.354803708818;30;1;2
2020-10-19;2020-10-18;CZ032;Plzeňský kraj;95;1006.443475900000;20;726.877767500000;16;1;2;1.790728476821;25;0.325286711043;30;1;2
2020-10-19;2020-10-18;CZ041;Karlovarský kraj;91;523.647272800000;16;491.874106800000;16;1;2;1.712171052631;25;0.334726688102;30;1;2
2020-10-19;2020-10-18;CZ042;Ústecký kraj;83;657.397087500000;16;475.462306600000;13;1;2;1.476025917926;20;0.336484490398;30;1;2
2020-10-19;2020-10-18;CZ051;Liberecký kraj;86;888.232775100000;16;638.444597600000;16;1;2;1.425000000000;20;0.304964539007;30;1;2
2020-10-19;2020-10-18;CZ052;Královéhradecký kraj;91;869.577827800000;16;541.006808600000;16;1;2;1.784788732394;25;0.333614153327;30;1;2
2020-10-19;2020-10-18;CZ053;Pardubický kraj;81;720.542147600000;16;500.542018100000;16;1;2;1.382420091324;15;0.315405651777;30;1;2
2020-10-19;2020-10-18;CZ063;Kraj Vysočina;81;920.141306700000;16;757.495852900000;16;1;2;1.385397412199;15;0.380263825469;30;1;2
2020-10-19;2020-10-18;CZ064;Jihomoravský kraj;81;741.617582000000;16;538.094040700000;16;1;2;1.339232303090;15;0.332487623762;30;1;2
2020-10-19;2020-10-18;CZ071;Olomoucký kraj;91;943.015592900000;16;638.484744300000;16;1;2;1.648228176318;25;0.368111186178;30;1;2
2020-10-19;2020-10-18;CZ072;Zlínský kraj;90;1193.363716700000;20;769.744270100000;16;1;2;1.502938126512;20;0.364703908740;30;1;2
2020-10-19;2020-10-18;CZ080;Moravskoslezský kraj;71;752.661929300000;16;543.539191700000;16;1;2;1.293958076448;15;0.229547641963;20;1;2
2020-10-20;2020-10-19;CZ010;Hl. m. Praha;80;983.631068100000;20;629.464179000000;16;1;2;1.246336698143;15;0.243696676429;25;1;2
2020-10-20;2020-10-19;CZ020;Středočeský kraj;81;943.225274500000;16;610.573634300000;16;1;2;1.352505886310;15;0.292649199417;30;1;2
2020-10-20;2020-10-19;CZ031;Jihočeský kraj;86;932.333255100000;16;650.069785700000;16;1;2;1.435053055250;20;0.364024503434;30;1;2
2020-10-20;2020-10-19;CZ032;Plzeňský kraj;95;1040.517105400000;20;761.132926700000;16;1;2;1.661023622047;25;0.326270203387;30;1;2
2020-10-20;2020-10-19;CZ041;Karlovarský kraj;96;582.358211300000;16;518.461896300000;16;1;2;1.943894389438;30;0.371491643014;30;1;2
2020-10-20;2020-10-19;CZ042;Ústecký kraj;81;678.591657300000;16;489.701412100000;16;1;2;1.343226788432;15;0.342352827077;30;1;2
2020-10-20;2020-10-19;CZ051;Liberecký kraj;81;957.650611900000;16;701.844148300000;16;1;2;1.397596656217;15;0.313635830695;30;1;2
2020-10-20;2020-10-19;CZ052;Královéhradecký kraj;91;906.557998100000;16;550.218998800000;16;1;2;1.659635666347;25;0.323188946975;30;1;2
2020-10-20;2020-10-19;CZ053;Pardubický kraj;81;770.861474500000;16;529.763868500000;16;1;2;1.355680655066;15;0.316941852117;30;1;2
2020-10-20;2020-10-19;CZ063;Kraj Vysočina;80;963.686685100000;20;787.220373700000;16;1;2;1.196574225122;10;0.380791693705;30;1;2
2020-10-20;2020-10-19;CZ064;Jihomoravský kraj;81;771.903096400000;16;574.134607300000;16;1;2;1.312673450508;15;0.338663484486;30;1;2
2020-10-20;2020-10-19;CZ071;Olomoucký kraj;90;1006.305230000000;20;675.144155400000;16;1;2;1.552114803625;20;0.379466346597;30;1;2
2020-10-20;2020-10-19;CZ072;Zlínský kraj;90;1256.533717800000;20;798.589076800000;16;1;2;1.411373260738;20;0.376959121021;30;1;2
2020-10-20;2020-10-19;CZ080;Moravskoslezský kraj;76;794.143297300000;16;557.241860400000;16;1;2;1.258815701929;15;0.238037324386;25;1;2
2020-10-21;2020-10-20;CZ010;Hl. m. Praha;80;1038.226896600000;20;679.630204700000;16;1;2;1.223624201885;15;0.246304966492;25;1;2
2020-10-21;2020-10-20;CZ020;Středočeský kraj;85;1010.727427700000;20;649.271963200000;16;1;2;1.293138010794;15;0.292256220812;30;1;2
2020-10-21;2020-10-20;CZ031;Jihočeský kraj;90;1034.959780000000;20;727.440985400000;16;1;2;1.413576158940;20;0.369898622303;30;1;2
2020-10-21;2020-10-20;CZ032;Plzeňský kraj;90;1140.195185900000;20;830.478736700000;16;1;2;1.547883414295;20;0.338493057136;30;1;2
2020-10-21;2020-10-20;CZ041;Karlovarský kraj;96;659.055738000000;16;578.284422800000;16;1;2;1.924963924963;30;0.384327283203;30;1;2
2020-10-21;2020-10-20;CZ042;Ústecký kraj;81;755.452424800000;16;542.324193400000;16;1;2;1.342196132596;15;0.351573806078;30;1;2
2020-10-21;2020-10-20;CZ051;Liberecký kraj;85;1011.291667600000;20;747.447333800000;16;1;2;1.260018214936;15;0.316771608471;30;1;2
2020-10-21;2020-10-20;CZ052;Královéhradecký kraj;90;974.536252300000;20;618.891689700000;16;1;2;1.554835924006;20;0.331187344799;30;1;2
2020-10-21;2020-10-20;CZ053;Pardubický kraj;81;855.811212600000;16;594.806051700000;16;1;2;1.301291248206;15;0.326063511084;30;1;2
2020-10-21;2020-10-20;CZ063;Kraj Vysočina;85;1025.670196700000;20;835.163149200000;16;1;2;1.321120689655;15;0.403236416261;30;1;2
2020-10-21;2020-10-20;CZ064;Jihomoravský kraj;81;838.094982400000;16;631.128991700000;16;1;2;1.236145574855;15;0.336769759450;30;1;2
2020-10-21;2020-10-20;CZ071;Olomoucký kraj;90;1106.144632600000;20;749.226715500000;16;1;2;1.483819796954;20;0.406660290409;30;1;2
2020-10-21;2020-10-20;CZ072;Zlínský kraj;85;1356.953420700000;20;856.278690200000;16;1;2;1.360477741585;15;0.377040547656;30;1;2
2020-10-21;2020-10-20;CZ080;Moravskoslezský kraj;71;824.463012000000;16;567.207437600000;16;1;2;1.177549375251;10;0.236434265366;25;1;2
2020-10-22;2020-10-21;CZ010;Hl. m. Praha;80;1099.392347600000;20;728.601801100000;16;1;2;1.283274889464;15;0.249422153736;25;1;2
2020-10-22;2020-10-21;CZ020;Středočeský kraj;85;1094.473414600000;20;724.714160000000;16;1;2;1.357995578481;15;0.302604354822;30;1;2
2020-10-22;2020-10-21;CZ031;Jihočeský kraj;85;1102.497659400000;20;759.299714700000;16;1;2;1.376181474480;15;0.367738676544;30;1;2
2020-10-22;2020-10-21;CZ032;Plzeňský kraj;90;1253.434910000000;20;892.305121500000;16;1;2;1.445933869526;20;0.350090155066;30;1;2
2020-10-22;2020-10-21;CZ041;Karlovarský kraj;91;693.332066300000;16;581.607896500000;16;1;2;1.700591715976;25;0.402183039462;30;1;2
2020-10-22;2020-10-21;CZ042;Ústecký kraj;86;847.904600000000;16;618.472453500000;16;1;2;1.416013071895;20;0.365376507294;30;1;2
2020-10-22;2020-10-21;CZ051;Liberecký kraj;85;1075.976470000000;20;801.948701900000;16;1;2;1.270546423811;15;0.317284224539;30;1;2
2020-10-22;2020-10-21;CZ052;Královéhradecký kraj;90;1130.614324000000;20;721.063254200000;16;1;2;1.537407407407;20;0.341224825318;30;1;2
2020-10-22;2020-10-21;CZ053;Pardubický kraj;85;967.546904100000;20;650.421831500000;16;1;2;1.376053215077;15;0.339459577726;30;1;2
2020-10-22;2020-10-21;CZ063;Kraj Vysočina;85;1112.172502400000;20;932.966411200000;16;1;2;1.295491143317;15;0.411561580764;30;1;2
2020-10-22;2020-10-21;CZ064;Jihomoravský kraj;81;908.984898300000;16;685.608917900000;16;1;2;1.300899100899;15;0.341497954473;30;1;2
2020-10-22;2020-10-21;CZ071;Olomoucký kraj;95;1264.052277200000;20;855.386260300000;16;1;2;1.620940819423;25;0.429893754024;30;1;2
2020-10-22;2020-10-21;CZ072;Zlínský kraj;90;1496.511059000000;20;932.099325000000;16;1;2;1.409375000000;20;0.389941638446;30;1;2
2020-10-22;2020-10-21;CZ080;Moravskoslezský kraj;76;897.097053900000;16;608.315443700000;16;1;2;1.255212510024;15;0.258558744579;25;1;2
2020-10-23;2020-10-22;CZ010;Hl. m. Praha;80;1174.905250100000;20;787.925117200000;16;1;2;1.276254085547;15;0.257136312881;25;1;2
2020-10-23;2020-10-22;CZ020;Středočeský kraj;85;1173.887712500000;20;787.256913900000;16;1;2;1.363890051625;15;0.307496303752;30;1;2
2020-10-23;2020-10-22;CZ031;Jihočeský kraj;85;1222.668507000000;20;835.153832100000;16;1;2;1.388332856734;15;0.384981365474;30;1;2
2020-10-23;2020-10-22;CZ032;Plzeňský kraj;89;1370.573606600000;20;995.906090700000;20;1;2;1.372461092060;15;0.361973006817;30;1;2
2020-10-23;2020-10-22;CZ041;Karlovarský kraj;86;739.146960600000;16;586.593107100000;16;1;2;1.571428571428;20;0.384515794924;30;1;2
2020-10-23;2020-10-22;CZ042;Ústecký kraj;86;915.264353500000;16;671.714326300000;16;1;2;1.533200531208;20;0.370358489052;30;1;2
2020-10-23;2020-10-22;CZ051;Liberecký kraj;85;1177.624016700000;20;886.481436100000;16;1;2;1.245989304812;15;0.326752966558;30;1;2
2020-10-23;2020-10-22;CZ052;Královéhradecký kraj;90;1221.614546900000;20;784.711114000000;16;1;2;1.445897352075;20;0.341044028066;30;1;2
2020-10-23;2020-10-22;CZ053;Pardubický kraj;90;1059.575787000000;20;721.119856700000;16;1;2;1.426738410596;20;0.354083204930;30;1;2
2020-10-23;2020-10-22;CZ063;Kraj Vysočina;89;1193.378748600000;20;969.402920600000;20;1;2;1.316544246239;15;0.429484253765;30;1;2
2020-10-23;2020-10-22;CZ064;Jihomoravský kraj;83;962.173308600000;20;745.117760400000;16;1;2;1.226516272189;15;0.328773234200;30;0;0
2020-10-23;2020-10-22;CZ071;Olomoucký kraj;90;1346.645253600000;20;905.029212900000;16;1;2;1.461412598854;20;0.412452859231;30;1;2
2020-10-23;2020-10-22;CZ072;Zlínský kraj;89;1594.699212900000;20;982.371702400000;20;1;2;1.315962441314;15;0.390199763346;30;1;2
2020-10-23;2020-10-22;CZ080;Moravskoslezský kraj;85;974.395667200000;20;645.686358300000;16;1;2;1.316396325972;15;0.271623855800;30;1;2
2020-10-24;2020-10-23;CZ010;Hl. m. Praha;85;1187.138340300000;20;813.804416200000;16;1;2;1.260594386351;15;0.260291485553;30;1;2
2020-10-24;2020-10-23;CZ020;Středočeský kraj;85;1219.442641500000;20;818.919183000000;16;1;2;1.360344595504;15;0.313841185056;30;1;2
2020-10-24;2020-10-23;CZ031;Jihočeský kraj;90;1301.695588900000;20;890.527337800000;16;1;2;1.448429246594;20;0.398897481050;30;1;2
2020-10-24;2020-10-23;CZ032;Plzeňský kraj;89;1457.537646200000;20;1077.784276000000;20;1;2;1.292159763313;15;0.369474797321;30;1;2
2020-10-24;2020-10-23;CZ041;Karlovarský kraj;86;786.658702700000;16;609.857422900000;16;1;2;1.414985590778;20;0.377983063895;30;1;2
2020-10-24;2020-10-23;CZ042;Ústecký kraj;90;1001.504327200000;20;733.623480900000;16;1;2;1.510681884694;20;0.376486033112;30;1;2
2020-10-24;2020-10-23;CZ051;Liberecký kraj;89;1276.116207200000;20;993.259626700000;20;1;2;1.391676866585;15;0.344649893907;30;1;2
2020-10-24;2020-10-23;CZ052;Královéhradecký kraj;90;1334.367811200000;20;896.094868800000;16;1;2;1.471275252525;20;0.348381792361;30;1;2
2020-10-24;2020-10-23;CZ053;Pardubický kraj;90;1120.226838700000;20;739.972663400000;16;1;2;1.486374896779;20;0.350194552529;30;1;2
2020-10-24;2020-10-23;CZ063;Kraj Vysočina;89;1221.820549800000;20;1021.181118200000;20;1;2;1.249166110740;15;0.442671394799;30;1;2
2020-10-24;2020-10-23;CZ064;Jihomoravský kraj;85;1047.073420900000;20;811.750901000000;16;1;2;1.391401451702;15;0.357583584445;30;1;2
2020-10-24;2020-10-23;CZ071;Olomoucký kraj;90;1389.998655000000;20;922.595180800000;16;1;2;1.439433665443;20;0.409273892947;30;1;2
2020-10-24;2020-10-23;CZ072;Zlínský kraj;89;1685.677747100000;20;1061.488886500000;20;1;2;1.375344986200;15;0.397157468287;30;1;2
2020-10-24;2020-10-23;CZ080;Moravskoslezský kraj;85;1025.539361900000;20;673.922160500000;16;1;2;1.395845244901;15;0.288653292870;30;1;2
2020-10-25;2020-10-24;CZ010;Hl. m. Praha;80;1234.409417300000;20;870.738873800000;16;1;2;1.216198563030;15;0.258841192170;25;1;2
2020-10-25;2020-10-24;CZ020;Středočeský kraj;85;1301.744732100000;20;882.243721200000;16;1;2;1.350907734394;15;0.314907678483;30;1;2
2020-10-25;2020-10-24;CZ031;Jihočeský kraj;90;1411.308790900000;20;958.796043400000;16;1;2;1.426058133605;20;0.402316213494;30;1;2
2020-10-25;2020-10-24;CZ032;Plzeňský kraj;89;1551.960589800000;20;1152.978527800000;20;1;2;1.271391324958;15;0.355655748574;30;1;2
2020-10-25;2020-10-24;CZ041;Karlovarský kraj;86;889.827057200000;16;711.223370600000;16;1;2;1.423599320882;20;0.383489595243;30;1;2
2020-10-25;2020-10-24;CZ042;Ústecký kraj;95;1069.107696400000;20;769.530790500000;16;1;2;1.633144475920;25;0.389001349527;30;1;2
2020-10-25;2020-10-24;CZ051;Liberecký kraj;89;1320.967342000000;20;997.708717900000;20;1;2;1.282242990654;15;0.354888773926;30;1;2
2020-10-25;2020-10-24;CZ052;Královéhradecký kraj;94;1462.348204500000;20;991.566658500000;20;1;2;1.446562680531;20;0.349086853478;30;1;2
2020-10-25;2020-10-24;CZ053;Pardubický kraj;90;1193.696882400000;20;777.678276800000;16;1;2;1.443186107965;20;0.354901596732;30;1;2
2020-10-25;2020-10-24;CZ063;Kraj Vysočina;84;1243.593239000000;20;1043.234794900000;20;1;2;1.186434901158;10;0.426907039489;30;1;2
2020-10-25;2020-10-24;CZ064;Jihomoravský kraj;85;1104.624287600000;20;860.363758200000;16;1;2;1.366983791402;15;0.360247005292;30;1;2
2020-10-25;2020-10-24;CZ071;Olomoucký kraj;89;1447.434000700000;20;986.749150300000;20;1;2;1.333576642335;15;0.413660377358;30;1;2
2020-10-25;2020-10-24;CZ072;Zlínský kraj;89;1827.123619200000;20;1159.561229200000;20;1;2;1.368195456493;15;0.404767943190;30;1;2
2020-10-25;2020-10-24;CZ080;Moravskoslezský kraj;85;1081.097740200000;20;702.988427400000;16;1;2;1.385130373502;15;0.301989705769;30;1;2
2020-10-26;2020-10-25;CZ010;Hl. m. Praha;75;1258.195981600000;20;895.423743600000;16;1;2;1.167101503292;10;0.259682100898;25;1;2
2020-10-26;2020-10-25;CZ020;Středočeský kraj;85;1330.911437800000;20;906.869930600000;16;1;2;1.312425471023;15;0.315358166189;30;1;2
2020-10-26;2020-10-25;CZ031;Jihočeský kraj;89;1445.000100900000;20;976.242490400000;20;1;2;1.337549777465;15;0.404763592542;30;1;2
2020-10-26;2020-10-25;CZ032;Plzeňský kraj;84;1592.476000100000;20;1199.766062300000;20;1;2;1.196592692221;10;0.359897518878;30;1;2
2020-10-26;2020-10-25;CZ041;Karlovarský kraj;85;974.330084400000;20;790.986739300000;16;1;2;1.371814092953;15;0.394141718716;30;1;2
2020-10-26;2020-10-25;CZ042;Ústecký kraj;90;1119.292539800000;20;795.532635400000;16;1;2;1.484949832775;20;0.392893608331;30;1;2
2020-10-26;2020-10-25;CZ051;Liberecký kraj;89;1367.170772300000;20;1045.536449100000;20;1;2;1.306469100108;15;0.353995299647;30;1;2
2020-10-26;2020-10-25;CZ052;Královéhradecký kraj;94;1586.159264800000;20;1082.851089100000;20;1;2;1.550124965287;20;0.356085736157;30;1;2
2020-10-26;2020-10-25;CZ053;Pardubický kraj;90;1220.291507700000;20;795.588443200000;16;1;2;1.453877251010;20;0.356621292707;30;1;2
2020-10-26;2020-10-25;CZ063;Kraj Vysočina;84;1288.511669900000;20;1105.560403100000;20;1;2;1.165089722675;10;0.422803694056;30;1;2
2020-10-26;2020-10-25;CZ064;Jihomoravský kraj;85;1115.698215300000;20;882.993881400000;16;1;2;1.325861492137;15;0.363011816433;30;1;2
2020-10-26;2020-10-25;CZ071;Olomoucký kraj;89;1517.210825600000;20;1005.842593600000;20;1;2;1.234765875561;15;0.425571112748;30;1;2
2020-10-26;2020-10-25;CZ072;Zlínský kraj;89;1869.694706900000;20;1165.330190600000;20;1;2;1.305666400638;15;0.409768315591;30;1;2
2020-10-26;2020-10-25;CZ080;Moravskoslezský kraj;85;1104.254005900000;20;725.826208600000;16;1;2;1.370871127845;15;0.308730005781;30;1;2
2020-10-27;2020-10-26;CZ010;Hl. m. Praha;80;1304.711929600000;20;923.293757900000;16;1;2;1.143281454199;10;0.267179387511;30;1;2
2020-10-27;2020-10-26;CZ020;Středočeský kraj;85;1386.429251600000;20;940.486660800000;16;1;2;1.211417408291;15;0.320323710038;30;1;2
2020-10-27;2020-10-26;CZ031;Jihočeský kraj;89;1523.716663800000;20;1077.128466500000;20;1;2;1.348901098901;15;0.398135009122;30;1;2
2020-10-27;2020-10-26;CZ032;Plzeňský kraj;84;1645.535930700000;20;1258.250480400000;20;1;2;1.130613926658;10;0.360412425297;30;1;2
2020-10-27;2020-10-26;CZ041;Karlovarský kraj;78;967.882062200000;20;777.692844500000;16;1;2;1.164926931106;10;0.345154639175;30;0;0
2020-10-27;2020-10-26;CZ042;Ústecký kraj;90;1197.127770300000;20;845.059959000000;16;1;2;1.453496422801;20;0.402865732744;30;1;2
2020-10-27;2020-10-26;CZ051;Liberecký kraj;89;1422.614888700000;20;1083.353725000000;20;1;2;1.271678321678;15;0.356708513142;30;1;2
2020-10-27;2020-10-26;CZ052;Královéhradecký kraj;89;1655.768997200000;20;1117.187434500000;20;1;2;1.366417730667;15;0.371107040041;30;1;2
2020-10-27;2020-10-26;CZ053;Pardubický kraj;85;1295.674833800000;20;884.196634700000;16;1;2;1.328714147599;15;0.362589042300;30;1;2
2020-10-27;2020-10-26;CZ063;Kraj Vysočina;89;1343.433768800000;20;1125.696368800000;20;1;2;1.216594157862;15;0.466349017272;30;1;2
2020-10-27;2020-10-26;CZ064;Jihomoravský kraj;85;1155.715363100000;20;937.054731300000;16;1;2;1.244048533251;15;0.365375073300;30;1;2
2020-10-27;2020-10-26;CZ071;Olomoucký kraj;84;1532.875010800000;20;1031.809676500000;20;1;2;1.044373712787;10;0.404408033060;30;1;2
2020-10-27;2020-10-26;CZ072;Zlínský kraj;89;1930.289843800000;20;1205.712920000000;20;1;2;1.215631929046;15;0.407494580365;30;1;2
2020-10-27;2020-10-26;CZ080;Moravskoslezský kraj;85;1178.304078400000;20;796.415714000000;16;1;2;1.352819038492;15;0.320711851571;30;1;2
2020-10-28;2020-10-27;CZ010;Hl. m. Praha;84;1330.763880900000;20;964.700636200000;20;1;2;1.066028281928;10;0.266952933303;30;1;2
2020-10-28;2020-10-27;CZ020;Středočeský kraj;84;1445.629000900000;20;983.484804000000;20;1;2;1.190588235294;10;0.329063816552;30;1;2
2020-10-28;2020-10-27;CZ031;Jihočeský kraj;84;1566.257764900000;20;1116.572607500000;20;1;2;1.198558187435;10;0.383712495878;30;1;2
2020-10-28;2020-10-27;CZ032;Plzeňský kraj;84;1712.666066500000;20;1301.696048100000;20;1;2;1.084374399384;10;0.362084456424;30;1;2
2020-10-28;2020-10-27;CZ041;Karlovarský kraj;78;1013.018217300000;20;820.898002500000;16;1;2;1.111784511784;10;0.331792604501;30;0;0
2020-10-28;2020-10-27;CZ042;Ústecký kraj;90;1273.379498500000;20;921.208219000000;16;1;2;1.422044174967;20;0.402809298902;30;1;2
2020-10-28;2020-10-27;CZ051;Liberecký kraj;89;1494.061168800000;20;1152.314639700000;20;1;2;1.275008253549;15;0.366413662239;30;1;2
2020-10-28;2020-10-27;CZ052;Královéhradecký kraj;89;1717.221339000000;20;1207.634393200000;20;1;2;1.327605697490;15;0.369726734668;30;1;2
2020-10-28;2020-10-27;CZ053;Pardubický kraj;85;1361.491748000000;20;905.877362400000;16;1;2;1.275021758050;15;0.371356147021;30;1;2
2020-10-28;2020-10-27;CZ063;Kraj Vysočina;84;1413.655595200000;20;1195.692821000000;20;1;2;1.100425079702;10;0.459201773835;30;1;2
2020-10-28;2020-10-27;CZ064;Jihomoravský kraj;89;1222.326716100000;20;1002.849719200000;20;1;2;1.295341474445;15;0.375524475524;30;1;2
2020-10-28;2020-10-27;CZ071;Olomoucký kraj;84;1723.060370400000;20;1154.771451400000;20;1;2;1.159358089195;10;0.446304144817;30;1;2
2020-10-28;2020-10-27;CZ072;Zlínský kraj;89;2041.523976200000;20;1280.709417400000;20;1;2;1.227434891188;15;0.421371708511;30;1;2
2020-10-28;2020-10-27;CZ080;Moravskoslezský kraj;85;1239.276691500000;20;838.354184900000;16;1;2;1.341300475059;15;0.331864095500;30;1;2
2020-10-29;2020-10-28;CZ010;Hl. m. Praha;74;1316.340916500000;20;971.070925200000;20;1;2;0.983955468238;5;0.258021122527;25;1;2
2020-10-29;2020-10-28;CZ020;Středočeský kraj;84;1494.216112200000;20;1059.317893000000;20;1;2;1.136255689689;10;0.328301455242;30;1;2
2020-10-29;2020-10-28;CZ031;Jihočeský kraj;89;1658.637163200000;20;1184.082772000000;20;1;2;1.212092130518;15;0.408473479948;30;1;2
2020-10-29;2020-10-28;CZ032;Plzeňský kraj;84;1725.549627900000;20;1324.254323600000;20;1;2;1.016027475672;10;0.361335414263;30;1;2
2020-10-29;2020-10-28;CZ041;Karlovarský kraj;78;1058.833111600000;20;902.323108100000;16;1;2;1.142566191446;10;0.342630293159;30;0;0
2020-10-29;2020-10-28;CZ042;Ústecký kraj;85;1295.548531300000;20;915.017303600000;16;1;2;1.221038357225;15;0.388163566941;30;1;2
2020-10-29;2020-10-28;CZ051;Liberecký kraj;84;1499.019585700000;20;1187.907369900000;20;1;2;1.111404280269;10;0.372067916380;30;1;2
2020-10-29;2020-10-28;CZ052;Královéhradecký kraj;84;1744.956466700000;20;1266.257422000000;20;1;2;1.174640635056;10;0.368438761776;30;1;2
2020-10-29;2020-10-28;CZ053;Pardubický kraj;84;1412.385059500000;20;998.256115300000;20;1;2;1.188611111111;10;0.364573570759;30;1;2
2020-10-29;2020-10-28;CZ063;Kraj Vysočina;84;1457.200973600000;20;1236.923607900000;20;1;2;1.124432576769;10;0.463052562128;30;1;2
2020-10-29;2020-10-28;CZ064;Jihomoravský kraj;84;1257.645833900000;20;1027.575224200000;20;1;2;1.134296415195;10;0.373881222168;30;1;2
2020-10-29;2020-10-28;CZ071;Olomoucký kraj;84;1747.268656500000;20;1157.826402400000;20;1;2;1.038615664845;10;0.430892465805;30;1;2
2020-10-29;2020-10-28;CZ072;Zlínský kraj;84;2079.631966000000;20;1298.016301400000;20;1;2;1.120903010033;10;0.413178820193;30;1;2
2020-10-29;2020-10-28;CZ080;Moravskoslezský kraj;85;1281.174539100000;20;883.614514800000;16;1;2;1.245221190606;15;0.335800287197;30;1;2
2020-10-30;2020-10-29;CZ010;Hl. m. Praha;74;1330.688368000000;20;1013.274089600000;20;1;2;0.928141783029;5;0.259918784779;25;1;2
2020-10-30;2020-10-29;CZ020;Středočeský kraj;84;1518.617960100000;20;1098.016222000000;20;1;2;1.036450662739;10;0.330369979168;30;1;2
2020-10-30;2020-10-29;CZ031;Jihočeský kraj;84;1683.633941500000;20;1190.909642500000;20;1;2;1.070802789200;10;0.394013157894;30;1;2
2020-10-30;2020-10-29;CZ032;Plzeňský kraj;77;1735.042778500000;20;1312.557440000000;20;1;2;0.938105891126;5;0.352553772857;30;0;0
2020-10-30;2020-10-29;CZ041;Karlovarský kraj;78;1119.240898100000;20;923.925687100000;16;1;2;1.081097197376;10;0.365524193548;30;0;0
2020-10-30;2020-10-29;CZ042;Ústecký kraj;84;1386.051780500000;20;1036.978337900000;20;1;2;1.172766695576;10;0.402848120121;30;1;2
2020-10-30;2020-10-29;CZ051;Liberecký kraj;84;1519.754783700000;20;1209.040553400000;20;1;2;1.082798833819;10;0.369111508646;30;1;2
2020-10-30;2020-10-29;CZ052;Královéhradecký kraj;84;1861.516513200000;20;1400.252916400000;20;1;2;1.167332268370;10;0.375417415874;30;1;2
2020-10-30;2020-10-29;CZ053;Pardubický kraj;84;1488.725026800000;20;1058.585096800000;20;1;2;1.133664661260;10;0.359817351598;30;1;2
2020-10-30;2020-10-29;CZ063;Kraj Vysočina;84;1537.426468100000;20;1316.508615300000;20;1;2;1.170353346739;10;0.459404600811;30;1;2
2020-10-30;2020-10-29;CZ064;Jihomoravský kraj;84;1276.437953700000;20;1051.881652800000;20;1;2;1.106070369893;10;0.387799367374;30;1;2
2020-10-30;2020-10-29;CZ071;Olomoucký kraj;82;1731.762695500000;20;1170.809943800000;20;0;0;1.019157088122;10;0.433258357248;30;1;2
2020-10-30;2020-10-29;CZ072;Zlínský kraj;84;2078.087047500000;20;1307.081812100000;20;1;2;1.018170426065;10;0.401854714064;30;1;2
2020-10-30;2020-10-29;CZ080;Moravskoslezský kraj;80;1281.591018700000;20;892.334394900000;16;1;2;1.100228949376;10;0.328472696893;30;1;2
2020-10-31;2020-10-30;CZ010;Hl. m. Praha;72;1320.116561700000;20;1048.708822000000;20;1;2;0.885671705343;5;0.257664911737;25;0;0
2020-10-31;2020-10-30;CZ020;Středočeský kraj;84;1542.658834000000;20;1135.150982100000;20;1;2;1.023260039978;10;0.328060823210;30;1;2
2020-10-31;2020-10-30;CZ031;Jihočeský kraj;82;1756.450643700000;20;1275.866254000000;20;1;2;1.068826619964;10;0.389470325462;30;0;0
2020-10-31;2020-10-30;CZ032;Plzeňský kraj;75;1674.523943900000;20;1274.960314100000;20;0;0;0.868677407268;5;0.321411242808;30;0;0
2020-10-31;2020-10-30;CZ041;Karlovarský kraj;73;1098.878722800000;20;898.999634400000;16;1;2;0.964480874316;5;0.339488363146;30;0;0
2020-10-31;2020-10-30;CZ042;Ústecký kraj;84;1440.499899500000;20;1082.791112300000;20;1;2;1.154539154539;10;0.399113613223;30;1;2
2020-10-31;2020-10-30;CZ051;Liberecký kraj;77;1583.312673200000;20;1243.521010800000;20;0;0;0.999723374827;5;0.367276422764;30;1;2
2020-10-31;2020-10-30;CZ052;Královéhradecký kraj;84;1865.323295500000;20;1444.638924000000;20;1;2;1.008419921175;10;0.367668190725;30;1;2
2020-10-31;2020-10-30;CZ053;Pardubický kraj;84;1556.646551600000;20;1147.193288400000;20;1;2;1.146612740141;10;0.368840461863;30;1;2
2020-10-31;2020-10-30;CZ063;Kraj Vysočina;84;1574.695035200000;20;1353.903980200000;20;1;2;1.199383926071;10;0.455589830869;30;1;2
2020-10-31;2020-10-30;CZ064;Jihomoravský kraj;82;1293.803885700000;20;1113.485877100000;20;1;2;1.002523340903;10;0.354368282567;30;0;0
2020-10-31;2020-10-30;CZ071;Olomoucký kraj;79;1751.857155200000;20;1226.562798300000;20;1;2;0.966580086580;5;0.433620756622;30;1;2
2020-10-31;2020-10-30;CZ072;Zlínský kraj;79;2112.246912300000;20;1348.288678800000;20;1;2;0.966534229828;5;0.397748710853;30;1;2
2020-10-31;2020-10-30;CZ080;Moravskoslezský kraj;80;1316.492009000000;20;933.027168600000;16;1;2;1.058801498127;10;0.318367806599;30;1;2
2020-11-01;2020-10-31;CZ010;Hl. m. Praha;77;1305.844623100000;20;1067.819688900000;20;0;0;0.829574976618;5;0.262667807317;30;1;2
2020-11-01;2020-10-31;CZ020;Středočeský kraj;79;1578.034293900000;20;1187.921430600000;20;1;2;0.984948933882;5;0.334560725480;30;1;2
2020-11-01;2020-10-31;CZ031;Jihočeský kraj;82;1808.307314400000;20;1326.688512600000;20;1;2;1.027494908350;10;0.387084398976;30;0;0
2020-11-01;2020-10-31;CZ032;Plzeňský kraj;70;1637.229424000000;20;1251.566546900000;20;0;0;0.782434402332;0;0.308366247755;30;0;0
2020-11-01;2020-10-31;CZ041;Karlovarský kraj;82;1179.309315000000;20;993.718634700000;20;1;2;1.074074074074;10;0.322742775085;30;0;0
2020-11-01;2020-10-31;CZ042;Ústecký kraj;84;1532.343035300000;20;1136.032985100000;20;1;2;1.082089552238;10;0.392546512297;30;1;2
2020-11-01;2020-10-31;CZ051;Liberecký kraj;84;1633.122224900000;20;1273.552376900000;20;1;2;1.049216387132;10;0.374191017846;30;1;2
2020-11-01;2020-10-31;CZ052;Královéhradecký kraj;79;1877.106192900000;20;1485.675044100000;20;1;2;0.942700987306;5;0.365831964969;30;1;2
2020-11-01;2020-10-31;CZ053;Pardubický kraj;84;1626.481358800000;20;1238.629400900000;20;1;2;1.134610720349;10;0.369276918219;30;1;2
2020-11-01;2020-10-31;CZ063;Kraj Vysočina;84;1549.587790000000;20;1322.261748300000;20;1;2;1.128735632183;10;0.467965688870;30;1;2
2020-11-01;2020-10-31;CZ064;Jihomoravský kraj;77;1286.253480500000;20;1128.572625900000;20;1;2;0.934938271604;5;0.343883389337;30;0;0
2020-11-01;2020-10-31;CZ071;Olomoucký kraj;79;1742.521933800000;20;1201.359453100000;20;1;2;0.991753316600;5;0.431513260530;30;1;2
2020-11-01;2020-10-31;CZ072;Zlínský kraj;75;2146.406777000000;20;1381.254172100000;20;0;0;0.930232558139;5;0.397170484781;30;0;0
2020-11-01;2020-10-31;CZ080;Moravskoslezský kraj;84;1377.298030300000;20;976.626569000000;20;1;2;1.023966942148;10;0.319859856168;30;1;2
2020-11-02;2020-11-01;CZ010;Hl. m. Praha;77;1289.986913600000;20;1074.588121000000;20;0;0;0.803112596615;5;0.260520430981;30;1;2
2020-11-02;2020-11-01;CZ020;Středočeský kraj;79;1596.299582400000;20;1208.247825600000;20;1;2;0.954201752878;5;0.341650258429;30;1;2
2020-11-02;2020-11-01;CZ031;Jihočeský kraj;82;1807.531016900000;20;1324.412889100000;20;1;2;1.019419144182;10;0.384221776021;30;0;0
2020-11-02;2020-11-01;CZ032;Plzeňský kraj;70;1588.237986500000;20;1194.753112200000;20;0;0;0.714462956398;0;0.296070510466;30;0;0
2020-11-02;2020-11-01;CZ041;Karlovarský kraj;82;1191.865989700000;20;993.718634700000;20;1;2;1.018776499091;10;0.319044006069;30;0;0
2020-11-02;2020-11-01;CZ042;Ústecký kraj;84;1530.394109300000;20;1140.366626000000;20;1;2;1.034262220191;10;0.394516728624;30;1;2
2020-11-02;2020-11-01;CZ051;Liberecký kraj;77;1646.870562700000;20;1279.113741000000;20;0;0;0.955981356809;5;0.373759870419;30;1;2
2020-11-02;2020-11-01;CZ052;Královéhradecký kraj;79;1944.359345700000;20;1534.248410800000;20;1;2;0.876021798365;5;0.359318245319;30;1;2
2020-11-02;2020-11-01;CZ053;Pardubický kraj;84;1673.930762100000;20;1251.826365600000;20;1;2;1.090557451649;10;0.371176333927;30;1;2
2020-11-02;2020-11-01;CZ063;Kraj Vysočina;84;1563.514465100000;20;1332.809158900000;20;1;2;1.062288749396;10;0.469483568075;30;1;2
2020-11-02;2020-11-01;CZ064;Jihomoravský kraj;77;1301.941544700000;20;1161.679658000000;20;1;2;0.883729050279;5;0.344948210067;30;0;0
2020-11-02;2020-11-01;CZ071;Olomoucký kraj;79;1784.609542400000;20;1238.018864300000;20;1;2;0.885884435860;5;0.425874342308;30;1;2
2020-11-02;2020-11-01;CZ072;Zlínský kraj;77;2160.482701200000;20;1414.219665500000;20;1;2;0.878070047958;5;0.393820883848;30;0;0
2020-11-02;2020-11-01;CZ080;Moravskoslezský kraj;79;1413.615051200000;20;1001.125279700000;20;1;2;0.991809629219;5;0.312633011199;30;1;2
2020-11-03;2020-11-02;CZ010;Hl. m. Praha;65;1267.333042800000;20;1057.467969300000;20;0;0;0.794231835829;0;0.247092521655;25;0;0
2020-11-03;2020-11-02;CZ020;Středočeský kraj;79;1580.994281400000;20;1219.192807500000;20;1;2;0.935034398676;5;0.333178179110;30;1;2
2020-11-03;2020-11-02;CZ031;Jihočeský kraj;77;1810.015168800000;20;1313.034771500000;20;1;2;0.913064133016;5;0.389016327081;30;0;0
2020-11-03;2020-11-02;CZ032;Plzeňský kraj;75;1675.710587700000;20;1264.098922200000;20;0;0;0.825727699530;5;0.336960686642;30;0;0
2020-11-03;2020-11-02;CZ041;Karlovarský kraj;73;1134.512529500000;20;953.836950300000;16;1;2;0.991681521093;5;0.323826154443;30;0;0
2020-11-03;2020-11-02;CZ042;Ústecký kraj;82;1571.686978100000;20;1201.656688900000;20;1;2;1.047913691892;10;0.385648391428;30;0;0
2020-11-03;2020-11-02;CZ051;Liberecký kraj;77;1643.039058800000;20;1275.776922500000;20;0;0;0.963597995251;5;0.363591121727;30;1;2
2020-11-03;2020-11-02;CZ052;Královéhradecký kraj;77;1972.275748800000;20;1574.447059200000;20;1;2;0.951232876712;5;0.361666666666;30;0;0
2020-11-03;2020-11-02;CZ053;Pardubický kraj;84;1676.035372700000;20;1284.818777300000;20;1;2;1.083664407571;10;0.372001604492;30;1;2
2020-11-03;2020-11-02;CZ063;Kraj Vysočina;82;1659.628138100000;20;1416.229588300000;20;1;2;1.079553550225;10;0.464873708968;30;0;0
2020-11-03;2020-11-02;CZ064;Jihomoravský kraj;75;1307.059041600000;20;1173.832872300000;20;0;0;0.882075471698;5;0.338660750667;30;0;0
2020-11-03;2020-11-02;CZ071;Olomoucký kraj;84;1786.191783400000;20;1260.930996200000;20;1;2;1.001578393546;10;0.444297494943;30;1;2
2020-11-03;2020-11-02;CZ072;Zlínský kraj;77;2156.191260900000;20;1447.185158900000;20;1;2;0.892436222586;5;0.388592958295;30;0;0
2020-11-03;2020-11-02;CZ080;Moravskoslezský kraj;77;1438.020755600000;20;1054.275025000000;20;1;2;0.964254385964;5;0.304248546913;30;0;0
2020-11-04;2020-11-03;CZ010;Hl. m. Praha;65;1217.041449700000;20;1034.375671800000;20;0;0;0.757204027311;0;0.239582570487;25;0;0
2020-11-04;2020-11-03;CZ020;Středočeský kraj;77;1569.009941900000;20;1240.691879200000;20;1;2;0.896536412078;5;0.322668286134;30;0;0
2020-11-04;2020-11-03;CZ031;Jihočeský kraj;79;1801.475896700000;20;1342.617877200000;20;1;2;0.965770579395;5;0.387407903549;30;1;2
2020-11-04;2020-11-03;CZ032;Plzeňský kraj;75;1650.282505900000;20;1279.973264200000;20;0;0;0.813394276629;5;0.332872478854;30;0;0
2020-11-04;2020-11-03;CZ041;Karlovarský kraj;79;1163.019574800000;20;1003.689055800000;20;1;2;0.979591836734;5;0.334526276134;30;1;2
2020-11-04;2020-11-03;CZ042;Ústecký kraj;77;1571.686978100000;20;1224.563076100000;20;1;2;0.937139476408;5;0.375444418108;30;0;0
2020-11-04;2020-11-03;CZ051;Liberecký kraj;75;1680.677950800000;20;1301.359197300000;20;0;0;0.967959073774;5;0.358854062687;30;0;0
2020-11-04;2020-11-03;CZ052;Královéhradecký kraj;75;1977.532733700000;20;1568.584756300000;20;0;0;0.861614779336;5;0.361101154204;30;0;0
2020-11-04;2020-11-03;CZ053;Pardubický kraj;82;1700.716715500000;20;1277.277654700000;20;1;2;1.036917397323;10;0.358059118795;30;0;0
2020-11-04;2020-11-03;CZ063;Kraj Vysočina;82;1683.362330800000;20;1442.118687100000;20;1;2;1.089837997054;10;0.453061224489;30;0;0
2020-11-04;2020-11-03;CZ064;Jihomoravský kraj;75;1306.136214300000;20;1197.301148200000;20;0;0;0.812980657189;5;0.318657227677;30;0;0
2020-11-04;2020-11-03;CZ071;Olomoucký kraj;75;1779.229923300000;20;1270.095849000000;20;0;0;0.900823487289;5;0.396595208070;30;0;0
2020-11-04;2020-11-03;CZ072;Zlínský kraj;75;2178.850065600000;20;1499.105810900000;20;0;0;0.894153846153;5;0.379348606487;30;0;0
2020-11-04;2020-11-03;CZ080;Moravskoslezský kraj;82;1483.666919600000;20;1112.822791200000;20;1;2;1.014682080924;10;0.302404906284;30;0;0
2020-11-05;2020-11-04;CZ010;Hl. m. Praha;65;1161.312927700000;20;1040.745960800000;20;0;0;0.764903846153;0;0.242327317036;25;0;0
2020-11-05;2020-11-04;CZ020;Středočeský kraj;77;1570.670422700000;20;1305.189094100000;20;1;2;0.912182560824;5;0.327488922184;30;0;0
2020-11-05;2020-11-04;CZ031;Jihočeský kraj;75;1854.885162300000;20;1435.918441600000;20;0;0;0.922824840242;5;0.374468085106;30;0;0
2020-11-05;2020-11-04;CZ032;Plzeňský kraj;75;1603.494835500000;20;1314.228423400000;20;0;0;0.891524692689;5;0.330746459716;30;0;0
2020-11-05;2020-11-04;CZ041;Karlovarský kraj;80;1174.218771200000;20;1023.629897900000;20;0;0;1.006798866855;10;0.309420163677;30;0;0
2020-11-05;2020-11-04;CZ042;Ústecký kraj;77;1574.488559100000;20;1266.042209600000;20;1;2;0.993847539015;5;0.382235816933;30;0;0
2020-11-05;2020-11-04;CZ051;Liberecký kraj;80;1723.275259700000;20;1320.267835200000;20;0;0;1.066685113447;10;0.366410037068;30;0;0
2020-11-05;2020-11-04;CZ052;Královéhradecký kraj;77;1979.889313200000;20;1590.359024100000;20;1;2;0.967667436489;5;0.365325285043;30;0;0
2020-11-05;2020-11-04;CZ053;Pardubický kraj;84;1741.469630400000;20;1321.581750400000;20;1;2;1.063271604938;10;0.367242823421;30;1;2
2020-11-05;2020-11-04;CZ063;Kraj Vysočina;82;1721.415499400000;20;1460.336941800000;20;1;2;1.065841699743;10;0.451935451935;30;0;0
2020-11-05;2020-11-04;CZ064;Jihomoravský kraj;82;1380.046292300000;20;1209.035286200000;20;1;2;1.003020387616;10;0.356169280958;30;0;0
2020-11-05;2020-11-04;CZ071;Olomoucký kraj;77;1714.832717500000;20;1237.255126500000;20;1;2;0.920100322465;5;0.395320197044;30;0;0
2020-11-05;2020-11-04;CZ072;Zlínský kraj;77;2167.177348000000;20;1516.412695000000;20;1;2;0.936284584980;5;0.384920376990;30;0;0
2020-11-05;2020-11-04;CZ080;Moravskoslezský kraj;82;1510.738093400000;20;1128.186389500000;20;1;2;1.063200094328;10;0.304268601316;30;0;0
2020-11-06;2020-11-05;CZ010;Hl. m. Praha;65;1098.259654100000;20;1025.218381400000;20;0;0;0.739446323437;0;0.231037181996;25;0;0
2020-11-06;2020-11-05;CZ020;Středočeský kraj;77;1560.779732800000;20;1336.069578800000;20;1;2;0.942241222484;5;0.327992907576;30;0;0
2020-11-06;2020-11-05;CZ031;Jihočeský kraj;77;1831.130459800000;20;1489.774864900000;20;1;2;0.958870168483;5;0.362043158288;30;0;0
2020-11-06;2020-11-05;CZ032;Plzeňský kraj;75;1527.041069700000;20;1252.402038500000;20;0;0;0.925943176525;5;0.327917525773;30;0;0
2020-11-06;2020-11-05;CZ041;Karlovarský kraj;75;1219.015556700000;20;1106.716740300000;20;0;0;0.989432703003;5;0.304050589642;30;0;0
2020-11-06;2020-11-05;CZ042;Ústecký kraj;77;1570.956130800000;20;1303.806793900000;20;1;2;0.900366837857;5;0.357825985537;30;0;0
2020-11-06;2020-11-05;CZ051;Liberecký kraj;82;1723.951407500000;20;1316.931016800000;20;0;0;1.031184486373;10;0.371261439758;30;1;2
2020-11-06;2020-11-05;CZ052;Královéhradecký kraj;75;1980.251863900000;20;1628.882728800000;20;0;0;0.949691415747;5;0.360986706476;30;0;0
2020-11-06;2020-11-05;CZ053;Pardubický kraj;84;1747.783462300000;20;1368.713767200000;20;1;2;1.026293287729;10;0.366740508746;30;1;2
2020-11-06;2020-11-05;CZ063;Kraj Vysočina;84;1780.456755700000;20;1515.950561400000;20;1;2;1.132156596515;10;0.480042218384;30;1;2
2020-11-06;2020-11-05;CZ064;Jihomoravský kraj;82;1401.187427000000;20;1228.731874900000;20;1;2;1.072230291826;10;0.355906202060;30;0;0
2020-11-06;2020-11-05;CZ071;Olomoucký kraj;77;1696.162274600000;20;1243.365028400000;20;1;2;0.928054953000;5;0.394923076923;30;0;0
2020-11-06;2020-11-05;CZ072;Zlínský kraj;79;2162.542592500000;20;1560.091973700000;20;1;2;0.996405228758;5;0.405425171198;30;1;2
2020-11-06;2020-11-05;CZ080;Moravskoslezský kraj;82;1520.317124200000;20;1165.972536500000;20;1;2;1.107114032053;10;0.314675231041;30;0;0
2020-11-07;2020-11-06;CZ010;Hl. m. Praha;60;1041.020874000000;20;996.153938000000;20;0;0;0.710885680842;0;0.222693012833;20;0;0
2020-11-07;2020-11-06;CZ020;Středočeský kraj;79;1535.872521200000;20;1372.031662200000;20;1;2;0.901575866726;5;0.328855312859;30;1;2
2020-11-07;2020-11-06;CZ031;Jihočeský kraj;77;1862.803396400000;20;1559.560652900000;20;1;2;0.993762643290;5;0.376148545176;30;0;0
2020-11-07;2020-11-06;CZ032;Plzeňský kraj;79;1464.827029700000;20;1229.843763000000;20;1;2;0.993301910195;5;0.347871416159;30;1;2
2020-11-07;2020-11-06;CZ041;Karlovarský kraj;82;1180.327423700000;20;1116.687161400000;20;1;2;1.018430439952;10;0.299005061965;30;0;0
2020-11-07;2020-11-06;CZ042;Ústecký kraj;77;1547.934443000000;20;1320.522265600000;20;1;2;0.889870435806;5;0.357972044539;30;0;0
2020-11-07;2020-11-06;CZ051;Liberecký kraj;84;1689.693254200000;20;1328.053745000000;20;1;2;1.051733477789;10;0.371188222923;30;1;2
2020-11-07;2020-11-06;CZ052;Královéhradecký kraj;75;1919.162072800000;20;1610.458348300000;20;0;0;0.963841368584;5;0.355335770085;30;0;0
2020-11-07;2020-11-06;CZ053;Pardubický kraj;77;1755.819248300000;20;1446.952915100000;20;1;2;0.968287085332;5;0.360830352977;30;0;0
2020-11-07;2020-11-06;CZ063;Kraj Vysočina;84;1807.721654800000;20;1522.662549900000;20;1;2;1.121136363636;10;0.465026395173;30;1;2
2020-11-07;2020-11-06;CZ064;Jihomoravský kraj;84;1334.072713700000;20;1180.119017600000;20;1;2;1.047807190833;10;0.358120273676;30;1;2
2020-11-07;2020-11-06;CZ071;Olomoucký kraj;77;1671.637540200000;20;1251.766143500000;20;1;2;0.905341569767;5;0.389327291194;30;0;0
2020-11-07;2020-11-06;CZ072;Zlínský kraj;79;2079.460308400000;20;1508.171321600000;20;1;2;0.958126448195;5;0.400733767132;30;1;2
2020-11-07;2020-11-06;CZ080;Moravskoslezský kraj;82;1490.247297200000;20;1184.242761400000;20;1;2;1.050106014953;10;0.314663099816;30;0;0
2020-11-08;2020-11-07;CZ010;Hl. m. Praha;56;975.324648800000;20;945.191626200000;16;0;0;0.688966480446;0;0.216901903882;20;0;0
2020-11-08;2020-11-07;CZ020;Středočeský kraj;77;1455.230911500000;20;1322.779243600000;20;1;2;0.853404116606;5;0.319937150837;30;0;0
2020-11-08;2020-11-07;CZ031;Jihočeský kraj;77;1812.344061200000;20;1557.285029400000;20;1;2;0.974505723204;5;0.371676147638;30;0;0
2020-11-08;2020-11-07;CZ032;Plzeňský kraj;79;1357.859565700000;20;1159.662461300000;20;1;2;0.845121673868;5;0.361267742562;30;1;2
2020-11-08;2020-11-07;CZ041;Karlovarský kraj;84;1193.223468000000;20;1169.862740500000;20;1;2;1.029358897543;10;0.332945736434;30;1;2
2020-11-08;2020-11-07;CZ042;Ústecký kraj;77;1524.669139300000;20;1340.333195000000;20;1;2;0.863285389856;5;0.358436007040;30;0;0
2020-11-08;2020-11-07;CZ051;Liberecký kraj;77;1675.944916400000;20;1329.166017800000;20;1;2;0.990966329044;5;0.355634148737;30;0;0
2020-11-08;2020-11-07;CZ052;Královéhradecký kraj;75;1817.647879800000;20;1551.835319500000;20;0;0;0.898617511520;5;0.350929814037;30;0;0
2020-11-08;2020-11-07;CZ053;Pardubický kraj;75;1721.571493600000;20;1437.526511700000;20;0;0;0.931636834160;5;0.354796320630;30;0;0
2020-11-08;2020-11-07;CZ063;Kraj Vysočina;84;1880.689586100000;20;1583.070447100000;20;1;2;1.137043554773;10;0.477682284446;30;1;2
2020-11-08;2020-11-07;CZ064;Jihomoravský kraj;84;1307.142935000000;20;1188.081468400000;20;1;2;1.070588235294;10;0.362402136036;30;1;2
2020-11-08;2020-11-07;CZ071;Olomoucký kraj;75;1645.847013100000;20;1228.090273700000;20;0;0;0.852740325687;5;0.382711198428;30;0;0
2020-11-08;2020-11-07;CZ072;Zlínský kraj;77;1966.852915100000;20;1462.843768200000;20;1;2;0.892343697759;5;0.386335673445;30;0;0
2020-11-08;2020-11-07;CZ080;Moravskoslezský kraj;82;1484.249991000000;20;1202.928218700000;20;1;2;1.040027291335;10;0.306532158058;30;0;0
2020-11-09;2020-11-08;CZ010;Hl. m. Praha;52;935.227297600000;16;912.145752200000;16;0;0;0.717713587039;0;0.212258181160;20;0;0
2020-11-09;2020-11-08;CZ020;Středočeský kraj;75;1423.104218200000;20;1306.361770700000;20;0;0;0.852600297176;5;0.312141872778;30;0;0
2020-11-09;2020-11-08;CZ031;Jihočeský kraj;77;1797.594409400000;20;1553.492323500000;20;1;2;0.976141078838;5;0.375299122573;30;0;0
2020-11-09;2020-11-08;CZ032;Plzeňský kraj;79;1324.633538900000;20;1114.545910200000;20;1;2;0.924260933300;5;0.372379171178;30;1;2
2020-11-09;2020-11-08;CZ041;Karlovarský kraj;77;1100.914940400000;20;1086.775898100000;20;1;2;0.879504504504;5;0.318840579710;30;0;0
2020-11-09;2020-11-08;CZ042;Ústecký kraj;75;1484.837965000000;20;1323.617723300000;20;0;0;0.851957070707;5;0.347004371303;30;0;0
2020-11-09;2020-11-08;CZ051;Liberecký kraj;82;1643.940589100000;20;1290.236469200000;20;1;2;1.001947148817;10;0.361356340288;30;0;0
2020-11-09;2020-11-08;CZ052;Královéhradecký kraj;75;1718.127715700000;20;1494.887234400000;20;0;0;0.860432797299;5;0.348588434006;30;0;0
2020-11-09;2020-11-08;CZ053;Pardubický kraj;75;1695.550853100000;20;1424.329547000000;20;0;0;0.905429461504;5;0.351230038843;30;0;0
2020-11-09;2020-11-08;CZ063;Kraj Vysočina;84;1838.713410600000;20;1542.798515600000;20;1;2;1.120270270270;10;0.473488814850;30;1;2
2020-11-09;2020-11-08;CZ064;Jihomoravský kraj;82;1292.377698100000;20;1165.870421500000;20;0;0;1.119678945105;10;0.357495881383;30;1;2
2020-11-09;2020-11-08;CZ071;Olomoucký kraj;75;1617.050228200000;20;1251.766143500000;20;0;0;0.937201907790;5;0.373574144486;30;0;0
2020-11-09;2020-11-08;CZ072;Zlínský kraj;77;1927.886637300000;20;1452.954120200000;20;1;2;0.892807983482;5;0.383178260227;30;0;0
2020-11-09;2020-11-08;CZ080;Moravskoslezský kraj;77;1468.673654000000;20;1195.869268200000;20;1;2;0.987922980517;5;0.304694637711;30;0;0
2020-11-10;2020-11-09;CZ010;Hl. m. Praha;52;871.041330400000;16;886.266453200000;16;0;0;0.687460716530;0;0.203924676051;20;0;0
2020-11-10;2020-11-09;CZ020;Středočeský kraj;70;1359.933754000000;20;1272.745040500000;20;0;0;0.788474642266;0;0.301496315045;30;0;0
2020-11-10;2020-11-09;CZ031;Jihočeský kraj;77;1729.124973000000;20;1482.947994400000;20;1;2;0.953657670454;5;0.354498052933;30;0;0
2020-11-10;2020-11-09;CZ032;Plzeňský kraj;70;1272.760252100000;20;1063.580917300000;20;0;0;0.752539912917;0;0.314719271623;30;0;0
2020-11-10;2020-11-09;CZ041;Karlovarský kraj;77;1091.751961500000;20;1080.128950700000;20;1;2;0.871131119864;5;0.306960142772;30;0;0
2020-11-10;2020-11-09;CZ042;Ústecký kraj;70;1431.120693300000;20;1283.376772900000;20;0;0;0.776687301826;0;0.336495061163;30;0;0
2020-11-10;2020-11-09;CZ051;Liberecký kraj;77;1631.093781600000;20;1304.696015800000;20;1;2;0.929701686121;5;0.361764409003;30;0;0
2020-11-10;2020-11-09;CZ052;Královéhradecký kraj;70;1684.410501600000;20;1494.049762500000;20;0;0;0.749770515880;0;0.336353154340;30;0;0
2020-11-10;2020-11-09;CZ053;Pardubický kraj;75;1649.823404000000;20;1369.656407500000;20;0;0;0.826456562305;5;0.340625534096;30;0;0
2020-11-10;2020-11-09;CZ063;Kraj Vysočina;80;1822.432931200000;20;1547.592793200000;20;0;0;1.039430449069;10;0.447135318507;30;0;0
2020-11-10;2020-11-09;CZ064;Jihomoravský kraj;77;1278.367501700000;20;1150.364596400000;20;0;0;0.973400250941;5;0.357264563665;30;1;2
2020-11-10;2020-11-09;CZ071;Olomoucký kraj;75;1628.758811100000;20;1246.419979300000;20;0;0;0.892328660436;5;0.362607801250;30;0;0
2020-11-10;2020-11-09;CZ072;Zlínský kraj;75;1899.048158500000;20;1424.933450900000;20;0;0;0.857987166497;5;0.379150809641;30;0;0
2020-11-10;2020-11-09;CZ080;Moravskoslezský kraj;77;1432.190041300000;20;1178.844740400000;20;1;2;0.931573694133;5;0.301507537688;30;0;0
2020-11-11;2020-11-10;CZ010;Hl. m. Praha;52;802.928692400000;16;834.905998400000;16;0;0;0.692868033203;0;0.192797209390;20;0;0
2020-11-11;2020-11-10;CZ020;Středočeský kraj;70;1286.583820700000;20;1234.046711600000;20;0;0;0.745824886572;0;0.294222933089;30;0;0
2020-11-11;2020-11-10;CZ031;Jihočeský kraj;77;1721.827776800000;20;1485.982159100000;20;1;2;0.914039621016;5;0.367629737407;30;0;0
2020-11-11;2020-11-10;CZ032;Plzeňský kraj;70;1175.964020900000;20;1025.983791400000;20;0;0;0.715291750503;0;0.298300818124;30;0;0
2020-11-11;2020-11-10;CZ041;Karlovarský kraj;77;1127.046398600000;20;1173.186214200000;20;1;2;0.868465430016;5;0.324579831932;30;0;0
2020-11-11;2020-11-10;CZ042;Ústecký kraj;75;1385.442741100000;20;1269.756758900000;20;0;0;0.821056062581;5;0.334262208067;30;0;0
2020-11-11;2020-11-10;CZ051;Liberecký kraj;77;1564.155153300000;20;1267.991012800000;20;1;2;0.850063532401;5;0.349529780564;30;0;0
2020-11-11;2020-11-10;CZ052;Královéhradecký kraj;70;1627.671318700000;20;1449.663755000000;20;0;0;0.776289877904;0;0.321271393643;30;0;0
2020-11-11;2020-11-10;CZ053;Pardubický kraj;75;1602.374000700000;20;1357.402083200000;20;0;0;0.808373255571;5;0.332647638638;30;0;0
2020-11-11;2020-11-10;CZ063;Kraj Vysočina;79;1830.278945400000;20;1535.127671600000;20;1;2;0.977613431940;5;0.453668490863;30;1;2
2020-11-11;2020-11-10;CZ064;Jihomoravský kraj;77;1212.846762800000;20;1105.942502700000;20;0;0;0.921182266009;5;0.360881941429;30;1;2
2020-11-11;2020-11-10;CZ071;Olomoucký kraj;70;1440.788588800000;20;1140.260434500000;20;0;0;0.793533307362;0;0.341177455824;30;0;0
2020-11-11;2020-11-10;CZ072;Zlínský kraj;70;1795.538618600000;20;1393.616232200000;20;0;0;0.762217120367;0;0.368976740493;30;0;0
2020-11-11;2020-11-10;CZ080;Moravskoslezský kraj;75;1396.955867300000;20;1160.989747900000;20;0;0;0.832534888564;5;0.296942907024;30;0;0
2020-11-12;2020-11-11;CZ010;Hl. m. Praha;52;778.689050700000;16;846.054004100000;16;0;0;0.722283205268;0;0.192350791717;20;0;0
2020-11-12;2020-11-11;CZ020;Středočeský kraj;70;1242.544982700000;20;1214.892993200000;20;0;0;0.692968437874;0;0.282250518693;30;0;0
2020-11-12;2020-11-11;CZ031;Jihočeský kraj;77;1623.703777300000;20;1446.538018000000;20;1;2;0.818659881255;5;0.353786379297;30;0;0
2020-11-12;2020-11-11;CZ032;Plzeňský kraj;70;1128.498268300000;20;984.209207100000;20;0;0;0.630119880119;0;0.289368046794;30;0;0
2020-11-12;2020-11-11;CZ041;Karlovarský kraj;74;1057.136263600000;20;1065.173319100000;20;1;2;0.781085814360;0;0.310512880018;30;1;2
2020-11-12;2020-11-11;CZ042;Ústecký kraj;70;1358.157777700000;20;1274.090399700000;20;0;0;0.749007279947;0;0.319861513460;30;0;0
2020-11-12;2020-11-11;CZ051;Liberecký kraj;70;1518.402488200000;20;1235.735101100000;20;0;0;0.742209631728;0;0.317086588183;30;0;0
2020-11-12;2020-11-11;CZ052;Královéhradecký kraj;70;1616.069696700000;20;1510.799199300000;20;0;0;0.699475594997;0;0.311310592459;30;0;0
2020-11-12;2020-11-11;CZ053;Pardubický kraj;70;1591.468291100000;20;1361.172644500000;20;0;0;0.753070458952;0;0.330590238365;30;0;0
2020-11-12;2020-11-11;CZ063;Kraj Vysočina;75;1808.113955500000;20;1530.333394000000;20;0;0;0.943239408068;5;0.427468994028;30;0;0
2020-11-12;2020-11-11;CZ064;Jihomoravský kraj;70;1170.648386800000;20;1087.503143000000;20;0;0;0.752136752136;0;0.310921749974;30;0;0
2020-11-12;2020-11-11;CZ071;Olomoucký kraj;70;1443.161950200000;20;1199.068239900000;20;0;0;0.799719044752;0;0.355994282651;30;0;0
2020-11-12;2020-11-11;CZ072;Zlínský kraj;70;1728.935465300000;20;1415.043802800000;20;0;0;0.716876835377;0;0.358562294798;30;0;0
2020-11-12;2020-11-11;CZ080;Moravskoslezský kraj;70;1359.139519800000;20;1145.626149600000;20;0;0;0.775770456960;0;0.279607783055;30;0;0
2020-11-13;2020-11-12;CZ010;Hl. m. Praha;47;714.050006100000;16;818.183989800000;16;0;0;0.720251368335;0;0.179245283018;15;0;0
2020-11-13;2020-11-12;CZ020;Středočeský kraj;70;1193.308118000000;20;1194.175706000000;20;0;0;0.673360253192;0;0.269267696604;30;0;0
2020-11-13;2020-11-12;CZ031;Jihočeský kraj;72;1582.094233100000;20;1438.952606300000;20;0;0;0.780387969389;0;0.365173217854;30;1;2
2020-11-13;2020-11-12;CZ032;Plzeňský kraj;70;1073.912652800000;20;969.170356700000;20;0;0;0.634822389666;0;0.290983101023;30;0;0
2020-11-13;2020-11-12;CZ041;Karlovarský kraj;74;1029.307957500000;20;1116.687161400000;20;1;2;0.729918509895;0;0.336193029490;30;1;2
2020-11-13;2020-11-12;CZ042;Ústecký kraj;70;1274.353961400000;20;1204.752146600000;20;0;0;0.758681164503;0;0.322282649184;30;0;0
2020-11-13;2020-11-12;CZ051;Liberecký kraj;70;1530.347765300000;20;1281.338286600000;20;0;0;0.788674033149;0;0.329220479704;30;0;0
2020-11-13;2020-11-12;CZ052;Královéhradecký kraj;70;1491.896085700000;20;1432.914318200000;20;0;0;0.673504273504;0;0.303953712632;30;0;0
2020-11-13;2020-11-12;CZ053;Pardubický kraj;70;1530.243254700000;20;1367.771126900000;20;0;0;0.740046296296;0;0.323550247950;30;0;0
2020-11-13;2020-11-12;CZ063;Kraj Vysočina;75;1815.567668900000;20;1506.362006300000;20;0;0;0.822789707873;5;0.395627906976;30;0;0
2020-11-13;2020-11-12;CZ064;Jihomoravský kraj;70;1130.463452200000;20;1072.835470600000;20;0;0;0.668706293706;0;0.296840354767;30;0;0
2020-11-13;2020-11-12;CZ071;Olomoucký kraj;70;1386.992397300000;20;1184.557223000000;20;0;0;0.745790554414;0;0.338995706552;30;0;0
2020-11-13;2020-11-12;CZ072;Zlínský kraj;70;1672.460111000000;20;1401.857605500000;20;0;0;0.682840014986;0;0.337031900138;30;0;0
2020-11-13;2020-11-12;CZ080;Moravskoslezský kraj;70;1343.646478700000;20;1137.736734300000;20;0;0;0.713863984255;0;0.265072469652;30;0;0
2020-11-14;2020-11-13;CZ010;Hl. m. Praha;47;663.078796900000;16;770.008679500000;16;0;0;0.705919931856;0;0.173079935258;15;0;0
2020-11-14;2020-11-13;CZ020;Středočeský kraj;65;1121.474275900000;20;1165.249682400000;20;0;0;0.641570814453;0;0.258387534509;25;0;0
2020-11-14;2020-11-13;CZ031;Jihočeský kraj;70;1490.801651300000;20;1396.474300600000;20;0;0;0.656571023733;0;0.321314033110;30;0;0
2020-11-14;2020-11-13;CZ032;Plzeňský kraj;70;1049.501694300000;20;968.334865000000;20;0;0;0.578112609040;0;0.289630512514;30;0;0
2020-11-14;2020-11-13;CZ041;Karlovarský kraj;79;1018.448130700000;20;1169.862740500000;20;1;2;0.824583866837;5;0.358874338255;30;1;2
2020-11-14;2020-11-13;CZ042;Ústecký kraj;70;1209.064941800000;20;1205.990329700000;20;0;0;0.719155242682;0;0.310709140387;30;0;0
2020-11-14;2020-11-13;CZ051;Liberecký kraj;70;1450.336946900000;20;1242.408738000000;20;0;0;0.708495280399;0;0.313436502087;30;0;0
2020-11-14;2020-11-13;CZ052;Královéhradecký kraj;70;1424.642932800000;20;1384.340951500000;20;0;0;0.669358560221;0;0.304056178597;30;0;0
2020-11-14;2020-11-13;CZ053;Pardubický kraj;70;1471.696813600000;20;1292.359900000000;20;0;0;0.749815679528;0;0.323438990777;30;0;0
2020-11-14;2020-11-13;CZ063;Kraj Vysočina;75;1805.171700200000;20;1538.963093600000;20;0;0;0.858464012866;5;0.405008062221;30;0;0
2020-11-14;2020-11-13;CZ064;Jihomoravský kraj;70;1087.090568700000;20;1027.575224200000;20;0;0;0.640296979006;0;0.290746338060;30;0;0
2020-11-14;2020-11-13;CZ071;Olomoucký kraj;70;1302.658955800000;20;1109.710925200000;20;0;0;0.689143341815;0;0.329213938411;30;0;0
2020-11-14;2020-11-13;CZ072;Zlínský kraj;70;1561.397636200000;20;1344.992129400000;20;0;0;0.637309693582;0;0.328075396825;30;0;0
2020-11-14;2020-11-13;CZ080;Moravskoslezský kraj;65;1303.831029200000;20;1115.314185500000;20;0;0;0.719986160765;0;0.257390228818;25;0;0
2020-11-15;2020-11-14;CZ010;Hl. m. Praha;47;611.805536100000;16;732.583231800000;16;0;0;0.724342857142;0;0.167538990219;15;0;0
2020-11-15;2020-11-14;CZ020;Středočeský kraj;65;1031.519534800000;20;1099.970683000000;20;0;0;0.632716049382;0;0.256917986765;25;0;0
2020-11-15;2020-11-14;CZ031;Jihočeský kraj;70;1387.554088500000;20;1333.515383200000;20;0;0;0.617762055483;0;0.327089905362;30;0;0
2020-11-15;2020-11-14;CZ032;Plzeňský kraj;70;1013.902379800000;20;977.525273600000;20;0;0;0.728061716489;0;0.289382905327;30;0;0
2020-11-15;2020-11-14;CZ041;Karlovarský kraj;66;911.886080400000;16;1053.541161200000;20;0;0;0.625968992248;0;0.293458509993;30;0;0
2020-11-15;2020-11-14;CZ042;Ústecký kraj;70;1123.190391700000;20;1161.415738500000;20;0;0;0.684097978227;0;0.297288164230;30;0;0
2020-11-15;2020-11-14;CZ051;Liberecký kraj;70;1378.665284300000;20;1216.826463100000;20;0;0;0.696707589285;0;0.325426821321;30;0;0
2020-11-15;2020-11-14;CZ052;Královéhradecký kraj;70;1350.682592300000;20;1343.304831300000;20;0;0;0.678501469147;0;0.306086380205;30;0;0
2020-11-15;2020-11-14;CZ053;Pardubický kraj;70;1382.920510700000;20;1204.694348800000;20;0;0;0.729553437029;0;0.322037652270;30;0;0
2020-11-15;2020-11-14;CZ063;Kraj Vysočina;75;1776.533748600000;20;1520.744838900000;20;0;0;0.819388830347;5;0.385026737967;30;0;0
2020-11-15;2020-11-14;CZ064;Jihomoravský kraj;70;1053.197638500000;20;993.210963000000;20;0;0;0.585975766950;0;0.282272586153;30;0;0
2020-11-15;2020-11-14;CZ071;Olomoucký kraj;70;1255.508176200000;20;1091.381219600000;20;0;0;0.668775910975;0;0.322733494787;30;0;0
2020-11-15;2020-11-14;CZ072;Zlínský kraj;70;1454.969917000000;20;1280.709417400000;20;0;0;0.617594961621;0;0.332450471448;30;0;0
2020-11-15;2020-11-14;CZ080;Moravskoslezský kraj;65;1242.858416000000;20;1070.884320400000;20;0;0;0.687500000000;0;0.254293262879;25;0;0
2020-11-16;2020-11-15;CZ010;Hl. m. Praha;47;588.925126600000;16;700.731786900000;16;0;0;0.758679706601;0;0.165767402104;15;0;0
2020-11-16;2020-11-15;CZ020;Středočeský kraj;65;978.456344800000;20;1066.353952800000;20;0;0;0.640176028993;0;0.251897122485;25;0;0
2020-11-16;2020-11-15;CZ031;Jihočeský kraj;70;1367.680873400000;20;1315.310395000000;20;0;0;0.596117602713;0;0.320921266233;30;0;0
2020-11-16;2020-11-15;CZ032;Plzeňský kraj;70;1010.003407300000;20;998.412565700000;20;0;0;0.764767932489;0;0.286523514688;30;0;0
2020-11-16;2020-11-15;CZ041;Karlovarský kraj;66;851.817663500000;16;1023.629897900000;20;0;0;0.613592233009;0;0.288233505624;30;0;0
2020-11-16;2020-11-15;CZ042;Ústecký kraj;70;1074.345434900000;20;1121.174788100000;20;0;0;0.679237792774;0;0.295841618397;30;0;0
2020-11-16;2020-11-15;CZ051;Liberecký kraj;70;1340.801009700000;20;1186.795097100000;20;0;0;0.701644245142;0;0.314526936478;30;0;0
2020-11-16;2020-11-15;CZ052;Královéhradecký kraj;70;1256.963239100000;20;1272.957196800000;20;0;0;0.659563673262;0;0.304663698148;30;0;0
2020-11-16;2020-11-15;CZ053;Pardubický kraj;70;1329.348603800000;20;1192.440024500000;20;0;0;0.741819118783;0;0.319285793501;30;0;0
2020-11-16;2020-11-15;CZ063;Kraj Vysočina;70;1720.434747600000;20;1475.678629900000;20;0;0;0.776323860151;0;0.386030906872;30;0;0
2020-11-16;2020-11-15;CZ064;Jihomoravský kraj;66;1033.818265100000;20;957.589472800000;16;0;0;0.603074866310;0;0.281304564729;30;0;0
2020-11-16;2020-11-15;CZ071;Olomoucký kraj;70;1186.047799400000;20;1044.029480200000;20;0;0;0.682376043200;0;0.318077803203;30;0;0
2020-11-16;2020-11-15;CZ072;Zlínský kraj;70;1395.233068100000;20;1205.712920000000;20;0;0;0.632314974182;0;0.331565884476;30;0;0
2020-11-16;2020-11-15;CZ080;Moravskoslezský kraj;65;1190.715170400000;20;1033.928638100000;20;0;0;0.703527645734;0;0.256183665102;25;0;0
2020-11-17;2020-11-16;CZ010;Hl. m. Praha;47;562.873175300000;16;683.213492200000;16;0;0;0.779888551165;0;0.165805061927;15;0;0
2020-11-17;2020-11-16;CZ020;Středočeský kraj;61;941.925767800000;16;1050.718264400000;20;0;0;0.713029691553;0;0.250798479087;25;0;0
2020-11-17;2020-11-16;CZ031;Jihočeský kraj;70;1350.912848100000;20;1312.276230300000;20;0;0;0.690012432656;0;0.350120912627;30;0;0
2020-11-17;2020-11-16;CZ032;Plzeňský kraj;67;891.508546300000;16;921.547330600000;16;0;0;0.851367419738;5;0.289683074848;30;0;0
2020-11-17;2020-11-16;CZ041;Karlovarský kraj;73;891.863274700000;16;1123.334108800000;20;0;0;0.807174887892;5;0.346709470304;30;1;2
2020-11-17;2020-11-16;CZ042;Ústecký kraj;70;1041.944540800000;20;1094.553851600000;20;0;0;0.753258228407;0;0.301156937207;30;0;0
2020-11-17;2020-11-16;CZ051;Liberecký kraj;70;1320.065811700000;20;1154.539185300000;20;0;0;0.788688410825;0;0.314776346766;30;0;0
2020-11-17;2020-11-16;CZ052;Královéhradecký kraj;70;1192.791767100000;20;1267.094893900000;20;0;0;0.719723183391;0;0.307540660423;30;0;0
2020-11-17;2020-11-16;CZ053;Pardubický kraj;75;1325.713367300000;20;1183.013621100000;20;0;0;0.842060085836;5;0.330711315878;30;0;0
2020-11-17;2020-11-16;CZ063;Kraj Vysočina;70;1642.759207700000;20;1439.242120600000;20;0;0;0.780141843971;0;0.377182044887;30;0;0
2020-11-17;2020-11-16;CZ064;Jihomoravský kraj;66;1021.737616700000;20;935.797502300000;16;0;0;0.738803475935;0;0.287096564711;30;0;0
2020-11-17;2020-11-16;CZ071;Olomoucký kraj;70;1151.871395400000;20;1021.881086000000;20;0;0;0.676787954830;0;0.320804091828;30;0;0
2020-11-17;2020-11-16;CZ072;Zlínský kraj;70;1356.781763000000;20;1157.912954600000;20;0;0;0.680240963855;0;0.340243461492;30;0;0
2020-11-17;2020-11-16;CZ080;Moravskoslezský kraj;65;1142.986608500000;20;992.405399600000;20;0;0;0.729041095890;0;0.251690707022;25;0;0
2020-11-18;2020-11-17;CZ010;Hl. m. Praha;52;523.833004700000;16;650.565761200000;16;0;0;0.801294680551;5;0.168172957646;15;0;0
2020-11-18;2020-11-17;CZ020;Středočeský kraj;61;881.931875500000;16;996.384247000000;20;0;0;0.727714748784;0;0.253514764835;25;0;0
2020-11-18;2020-11-17;CZ031;Jihočeský kraj;70;1234.002449900000;20;1205.321924800000;20;0;0;0.602508551881;0;0.329303253147;30;0;0
2020-11-18;2020-11-17;CZ032;Plzeňský kraj;69;820.987999600000;16;839.669145200000;16;0;0;0.847392963119;5;0.301826966631;30;1;2
2020-11-18;2020-11-17;CZ041;Karlovarský kraj;66;765.957157900000;16;988.733424100000;20;0;0;0.567783094098;0;0.269288956127;30;0;0
2020-11-18;2020-11-17;CZ042;Ústecký kraj;70;983.963993500000;20;1049.979260400000;20;0;0;0.702727693018;0;0.298742138364;30;0;0
2020-11-18;2020-11-17;CZ051;Liberecký kraj;70;1205.120692300000;20;1071.118724000000;20;0;0;0.701225919439;0;0.317475420234;30;0;0
2020-11-18;2020-11-17;CZ052;Královéhradecký kraj;72;1134.964932200000;20;1236.945907600000;20;0;0;0.735723350253;0;0.326803833145;30;1;2
2020-11-18;2020-11-17;CZ053;Pardubický kraj;77;1253.008636500000;20;1161.332893400000;20;0;0;0.834532374100;5;0.347531587859;30;1;2
2020-11-18;2020-11-17;CZ063;Kraj Vysočina;70;1583.717951400000;20;1395.134767100000;20;0;0;0.748412885022;0;0.368061979648;30;0;0
2020-11-18;2020-11-17;CZ064;Jihomoravský kraj;62;952.189995000000;16;855.334842000000;16;0;0;0.722689075630;0;0.282296301699;30;0;0
2020-11-18;2020-11-17;CZ071;Olomoucký kraj;68;1046.335925500000;20;943.216099500000;16;0;0;0.699063876651;0;0.349772695963;30;1;2
2020-11-18;2020-11-17;CZ072;Zlínský kraj;70;1256.877033000000;20;1086.213006500000;20;0;0;0.733607681755;0;0.347543540421;30;0;0
2020-11-18;2020-11-17;CZ080;Moravskoslezský kraj;61;1068.853240000000;20;931.781471500000;16;0;0;0.741001684790;0;0.254537801862;25;0;0
2020-11-19;2020-11-18;CZ010;Hl. m. Praha;47;484.339756700000;16;600.797878600000;16;0;0;0.743891402714;0;0.150613815427;15;0;0
2020-11-19;2020-11-18;CZ020;Středočeský kraj;57;788.367393600000;16;889.670673300000;16;0;0;0.721115537848;0;0.247467528432;25;0;0
2020-11-19;2020-11-18;CZ031;Jihočeský kraj;70;1127.028659300000;20;1105.194489900000;20;0;0;0.656325869975;0;0.332150170648;30;0;0
2020-11-19;2020-11-18;CZ032;Plzeňský kraj;69;752.840740500000;16;761.132926700000;16;0;0;0.877000457247;5;0.292556436851;30;1;2
2020-11-19;2020-11-18;CZ041;Karlovarský kraj;62;702.155675600000;16;947.190002900000;16;0;0;0.567546583850;0;0.290194521635;30;0;0
2020-11-19;2020-11-18;CZ042;Ústecký kraj;66;908.321304800000;16;978.783732700000;20;0;0;0.754765584750;0;0.304795589306;30;0;0
2020-11-19;2020-11-18;CZ051;Liberecký kraj;77;1119.024544100000;20;1013.280537400000;20;0;0;0.816222570532;5;0.341139862430;30;1;2
2020-11-19;2020-11-18;CZ052;Královéhradecký kraj;72;993.388888100000;20;1151.523780000000;20;0;0;0.693553946914;0;0.330812232818;30;1;2
2020-11-19;2020-11-18;CZ053;Pardubický kraj;77;1147.969433400000;20;1104.774473200000;20;0;0;0.821042281219;5;0.335476094817;30;1;2
2020-11-19;2020-11-18;CZ063;Kraj Vysočina;70;1498.392547800000;20;1321.302892800000;20;0;0;0.699297423887;0;0.372504990019;30;0;0
2020-11-19;2020-11-18;CZ064;Jihomoravský kraj;62;797.574474200000;16;793.311541300000;16;0;0;0.704318272690;0;0.271020847757;30;0;0
2020-11-19;2020-11-18;CZ071;Olomoucký kraj;66;961.844260000000;20;886.699507300000;16;0;0;0.644307692307;0;0.305827369650;30;0;0
2020-11-19;2020-11-18;CZ072;Zlínský kraj;70;1111.826351100000;20;1001.326861100000;20;0;0;0.703658905352;0;0.331812348495;30;0;0
2020-11-19;2020-11-18;CZ080;Moravskoslezský kraj;61;977.477616300000;20;870.327078500000;16;0;0;0.710395643120;0;0.247020162637;25;0;0
2020-11-20;2020-11-19;CZ010;Hl. m. Praha;44;454.965237600000;13;557.798428100000;16;0;0;0.780056800252;0;0.158868894601;15;0;0
2020-11-20;2020-11-19;CZ020;Středočeský kraj;57;725.052539700000;16;831.036841500000;16;0;0;0.755707317073;0;0.253701034979;25;0;0
2020-11-20;2020-11-19;CZ031;Jihočeský kraj;70;1038.220229300000;20;1000.515807900000;20;0;0;0.693791440626;0;0.331413763317;30;0;0
2020-11-20;2020-11-19;CZ032;Plzeňský kraj;69;719.445193100000;16;745.258584600000;16;0;0;0.832229580573;5;0.296104304115;30;1;2
2020-11-20;2020-11-19;CZ041;Karlovarský kraj;62;643.444737000000;16;867.426634300000;16;0;0;0.662538699690;0;0.284826974267;30;0;0
2020-11-20;2020-11-19;CZ042;Ústecký kraj;62;859.719963700000;16;924.303676700000;16;0;0;0.776356919579;0;0.301645136358;30;0;0
2020-11-20;2020-11-19;CZ051;Liberecký kraj;70;1052.085915800000;20;983.249171300000;20;0;0;0.726071285542;0;0.306043214044;30;0;0
2020-11-20;2020-11-19;CZ052;Královéhradecký kraj;68;911.089881700000;16;1081.176145400000;20;0;0;0.676290147961;0;0.323829272507;30;1;2
2020-11-20;2020-11-19;CZ053;Pardubický kraj;77;1091.718931100000;20;1050.101333800000;20;0;0;0.862792297111;5;0.343792819950;30;1;2
2020-11-20;2020-11-19;CZ063;Kraj Vysočina;70;1395.609762700000;20;1269.524695300000;20;0;0;0.736111111111;0;0.376578947368;30;0;0
2020-11-20;2020-11-19;CZ064;Jihomoravský kraj;62;740.023607600000;16;746.374989500000;16;0;0;0.762428508578;0;0.282731054735;30;0;0
2020-11-20;2020-11-19;CZ071;Olomoucký kraj;62;896.023037400000;16;851.567571600000;16;0;0;0.662642740619;0;0.313377565190;30;0;0
2020-11-20;2020-11-19;CZ072;Zlínský kraj;66;1018.616267900000;20;921.385539600000;16;0;0;0.729445506692;0;0.334844938560;30;0;0
2020-11-20;2020-11-19;CZ080;Moravskoslezský kraj;57;899.595931400000;16;791.017693000000;16;0;0;0.739567099567;0;0.243653374408;25;0;0
